iso3,period,admin_level,service,admin_name,pop_total,pop_covered,pop_coverage_pct,area_coverage_pct,tiles,tests,devices,d_median_pop,d_mean_pop,d_median_tile,d_p10_pop,d_p90_pop,divide_ratio,u_median_pop,lat_median_pop,pct_above_bb,pct_above_hi,density
TUN,2026Q2,ADM2,fixed,Balta Bouawene,41615.08888280431,10033.946319580078,24.11131776706642,0.5673002865866196,7.0,166.0,38.0,23.544847735647668,22.55581512641629,22.131,19.909,24.411829999285562,1.226170576085467,11.058012982782344,21.0,100.0,0.0,140.06702720538607
TUN,2026Q2,ADM2,fixed,Bou Salem,35503.90578969939,13021.003051757812,36.67484678695701,0.8423697372711514,10.0,327.0,60.0,24.551746064024513,27.110173393829434,24.829,19.50713245773493,43.01285219013155,2.2049807824561203,13.801597999868422,21.82138917550887,100.0,51.31955065428474,124.11188450329938
TUN,2026Q2,ADM2,fixed,Carthage,21079.038299560547,20197.374755859375,95.81734455257595,72.98176136963131,25.0,1964.0,370.0,29.693108711169927,35.12273614937939,30.197,23.23056222976447,52.391882910565485,2.2552998241014452,13.87683195617345,13.14349210456959,100.0,77.91114559458808,2570.5930085780797
TUN,2026Q2,ADM2,fixed,El Hencha,18136.837417857165,1684.392822265625,9.287136359325832,0.09518606308204543,2.0,91.0,16.0,14.779026837537812,14.77902683753781,15.1815,14.367,15.996,1.1133848402589266,3.6832397064879157,55.10044891686414,100.0,0.0,34.42950941144734
TUN,2026Q2,ADM2,fixed,Jendouba Nord,48800.5226723084,19952.47396850586,40.88577924151576,1.1285181255414267,14.0,521.0,90.0,22.834045385398767,22.202252166268185,20.321,15.453431302852781,27.681001354814175,1.7912527523711916,9.399579047828487,18.0,99.80267922339326,43.77465305853006,162.8505815670336
TUN,2026Q2,ADM2,fixed,Jendouba Sud,72771.38484597269,46968.405349731445,64.54240969736165,2.481981341027812,26.0,755.0,222.0,29.03005632849603,27.791832813967147,28.567,16.830376588944166,39.993405557334235,2.3762632610137677,13.785909806209341,17.0,94.90259639085913,64.45482939542948,287.49279624008176
TUN,2026Q2,ADM2,fixed,Kerkennah,98534.16439245676,29594.349487304688,30.034607458010036,1.1634153768924431,7.0,178.0,27.0,19.144383869191238,23.598276413726456,24.516,11.868847303682596,38.020876005462746,3.2034177399574304,7.590448388745499,22.155884425891603,90.20395372056197,34.267882995753894,648.3425445513233
TUN,2026Q2,ADM2,fixed,Menzel Chaker,55962.647374580854,1297.9315185546875,2.319281841452392,0.015299930737326706,1.0,15.0,1.0,23.094,23.094,23.094,23.094,23.094,1.0,8.563,23.0,100.0,0.0,34.20828082288885
TUN,2026Q2,ADM2,fixed,أريانة المدينة,124034.18511581421,123835.60499572754,99.83989887956997,79.96339910780405,62.0,8367.0,2165.0,31.526748324555587,31.797837324333894,31.656,23.27116376079432,42.20247691449655,1.8135095153941732,14.705726790249171,16.0,100.0,83.82799176072214,6683.281605622385
TUN,2026Q2,ADM2,fixed,أكودة,41215.53884887695,30970.820373535156,75.14355322902458,23.62314335115277,43.0,1851.0,421.0,20.254704852694367,20.86040793261632,21.314,12.56181089210179,32.116099622466756,2.5566456857474016,7.9569269723190335,24.0,97.63550303400966,20.124578341373233,923.0307868826119
TUN,2026Q2,ADM2,fixed,أم العرائس,40703.911822956026,16126.528625488281,39.619112520760986,0.20842496888424503,8.0,151.0,43.0,22.591676947931862,22.93160872714325,22.716,19.3536249595317,26.712386321386823,1.380226514528531,15.919128962678542,26.0,100.0,32.358119439266304,41.74292680586941
TUN,2026Q2,ADM2,fixed,أوتيك,21414.120897144665,45.460819244384766,0.2122936517578289,0.06360106039315527,1.0,33.0,1.0,30.804,30.804,30.804,30.804,30.804,1.0,12.833,36.0,100.0,100.0,57.145851121834724
TUN,2026Q2,ADM2,fixed,أولاد حفوز,36990.07251018504,1623.21337890625,4.3882405974178775,0.05929425708843087,1.0,22.0,3.0,11.544,11.544,11.544,11.544,11.544,1.0,10.499,32.0,100.0,0.0,87.57940668249016
TUN,2026Q2,ADM2,fixed,البطان,21785.457276553534,6041.5224609375,27.73190566644498,0.6130335075732994,4.0,118.0,17.0,17.927185707141494,17.634639414537887,13.540500000000002,11.293304919246726,19.959,1.7673303025746412,6.532782260484649,33.475039821193015,91.228974040167,0.0,139.27081956535122
TUN,2026Q2,ADM2,fixed,البقالطة,55522.193950653076,28879.62530517578,52.014560755368144,6.750313188262118,11.0,313.0,60.0,22.26126777087585,28.434620824041545,23.111,20.388,33.204742208566685,1.6286414659881638,6.120464583837987,27.033559854881666,100.0,25.950340896161418,1378.854402518362
TUN,2026Q2,ADM2,fixed,التحرير,16879.7607421875,16879.7607421875,100.0,100.55263524061455,7.0,1356.0,255.0,30.29687210466669,29.46562371136929,29.814,21.996879904159176,36.429,1.6560985084576472,14.217042197490386,19.586328140538008,100.0,66.6528039114208,10120.33040084393
TUN,2026Q2,ADM2,fixed,الجديدة,52188.23486998763,17238.894485473633,33.03214705080467,1.8414260312668582,14.0,551.0,74.0,20.405393218547907,20.375839311075534,19.506999999999998,14.352211740484735,25.569694481008213,1.781585649888455,13.928380865473095,18.967644590299763,100.0,8.431696917888868,286.68125695381707
TUN,2026Q2,ADM2,fixed,الجم,42536.8048420661,10997.891418457031,25.855001237847656,0.6951915980058844,8.0,138.0,35.0,23.738651572202652,21.515925392849343,23.188499999999998,13.124007973970691,27.312172862119084,2.081084750656071,12.418664359033126,31.253909405396406,94.76044749411611,40.99293314353976,148.3962475571961
TUN,2026Q2,ADM2,fixed,الحامة,16539.208393383684,7462.696533203125,45.1212437482104,0.1560522818316601,16.0,345.0,95.0,19.44270907384446,17.99304984033951,19.0875,8.571398473468967,26.25670307777509,3.0632927822743756,10.817998637118581,37.23124111272529,81.0518724234028,15.13936177678005,6.259637862517327
TUN,2026Q2,ADM2,fixed,الحرائرية,117219.92641258275,109892.4536743164,93.74895296173827,35.7916362224883,36.0,4144.0,773.0,23.466538744081554,26.158150606336793,24.6085,19.205091428563065,36.89769582730842,1.9212455178646928,13.417927202189347,19.82336290448643,100.0,36.39986952990324,4859.424619164388
TUN,2026Q2,ADM2,fixed,الحمامات,106733.52911466363,77715.04146575928,72.81221009966808,9.450577349362312,127.0,6631.0,2011.0,25.916858328085468,33.51548235976274,24.946,15.991386635799005,65.86442743043703,4.118743979523958,15.792095760589486,23.0,99.43991887795303,54.64174413877508,327.9290091295807
TUN,2026Q2,ADM2,fixed,الدهماني,29397.029520405482,7392.4859619140625,25.147050850095876,0.22513700995281496,5.0,124.0,27.0,20.60609540672747,20.44299757075901,20.75,15.840890430970909,23.15270932776667,1.4615787811081784,12.51167827805602,25.173462687224372,100.0,0.0,54.00322458089618
TUN,2026Q2,ADM2,fixed,الرديف,16663.086614829117,4761.197769165039,28.57332425391024,0.2522847643030908,4.0,144.0,18.0,23.504709606192577,21.438915617373116,21.593,12.644,25.002,1.977380575767162,8.89011178303354,30.784206455261927,100.0,55.76462767792122,41.26860768972358
TUN,2026Q2,ADM2,fixed,الرقاب,49594.034668206645,10760.442779541016,21.697050565719017,0.21843554315660835,9.0,144.0,29.0,16.55264884437787,18.52603943561378,16.782,14.60440668668176,27.77957704693929,1.9021366388182277,9.699672678003243,28.646334594199992,98.75054505739392,13.632642906172157,47.805282519485395
TUN,2026Q2,ADM2,fixed,الزاوية قصيبة الثريات,57080.056020736694,40265.83723449707,70.54274302020453,17.546795532071727,26.0,1312.0,172.0,19.789194245101044,20.152072620561906,19.8745,13.062239969500427,27.06587314856724,2.072069814347653,11.299381585924046,26.0,91.54287920619112,11.620451884014539,1565.2799406150014
TUN,2026Q2,ADM2,fixed,الزريبة,28726.729784483487,11481.675170898438,39.96861201061658,0.4864019073298,7.0,352.0,74.0,17.196696623878285,20.494399427350498,15.745,9.28765804629014,35.723,3.84628717185267,5.152806416056046,31.402588322163673,79.71877327921574,36.28205304174239,82.29296735968379
TUN,2026Q2,ADM2,fixed,الزهراء,33838.2633972168,33605.134033203125,99.31104808400762,81.41735254982987,24.0,2503.0,540.0,29.921676670110863,31.282874534162914,29.9125,21.154590334020956,42.43464825826832,2.005930986525635,14.47955516159298,14.320594898487457,100.0,84.40520214632112,4780.972578519517
TUN,2026Q2,ADM2,fixed,الزهور (1),36464.1748046875,36464.1748046875,100.0,85.47427396936793,10.0,1438.0,290.0,23.872063057347077,24.26175331298837,23.793,19.326043811710434,28.47276132130627,1.4732845272788562,12.096217029081727,23.122539190870352,100.0,43.97438316805465,12998.141238026952
TUN,2026Q2,ADM2,fixed,الزهور (2),80767.6845703125,63824.955078125,79.02288572177903,31.528367581271173,4.0,88.0,19.0,21.4176833717334,16.753154134205147,21.4025,4.942,23.972,4.850667745851882,10.222409737307848,30.44467277348579,66.06973703206835,0.0,25473.788993918617
TUN,2026Q2,ADM2,fixed,الساحلين,31848.370816230774,20795.2734375,65.29462231362295,11.579345793561544,20.0,1080.0,185.0,21.272572467727354,22.23443788307483,20.811,16.857067153791817,29.856223573910697,1.7711398608977398,13.709959230758935,23.940777457891137,100.0,21.103240188951442,748.6752046442865
TUN,2026Q2,ADM2,fixed,السبيخة,42194.81089603792,5158.518039703369,12.225479697997065,0.09174091704503261,4.0,79.0,11.0,12.400693791550983,12.025222523092912,10.095,6.961263643750997,15.376,2.208794377986641,2.3901358898617384,25.954520519038848,54.55154586496164,0.0,39.45778811641511
TUN,2026Q2,ADM2,fixed,السرس,23757.046635899922,8283.15869140625,34.866112856340244,0.28197311780514206,5.0,87.0,35.0,31.72083666605554,31.423119308311154,31.196,20.09501924919173,40.513,2.0160717189474466,11.831683542449948,26.804323999510952,100.0,69.59104571161438,54.8513371818324
TUN,2026Q2,ADM2,fixed,السند,31567.23310316968,3615.3753662109375,11.452937146549964,0.13207799608231158,4.0,123.0,20.0,15.917518186825342,17.877494463991113,18.996000000000002,8.992565705442543,32.65839537340577,3.6317105087861665,7.894514825771927,41.69843512312713,39.91819830995471,39.91819830995471,41.08225683050732
TUN,2026Q2,ADM2,fixed,السواسي,26125.178257420877,2692.6900882720947,10.306877379897816,0.2861900377980373,4.0,80.0,7.0,35.13199112520364,33.72816355980257,20.3485,28.250834094549703,35.843,1.268741300877733,19.3672934487837,20.17862300585262,97.2160472898287,92.55420231842547,75.12817254216878
TUN,2026Q2,ADM2,fixed,السيجومي,28089.153076171875,26681.7568359375,94.9895383587472,132.2241670004436,11.0,1229.0,208.0,19.338646122828216,20.132016169303714,19.227,15.81422721960251,24.88346983919556,1.5734862977276107,11.804075839442254,26.631968152715334,100.0,6.918799194906754,14079.148537939736
TUN,2026Q2,ADM2,fixed,الشابة,79344.72049349548,46779.586364746094,58.957402677574485,3.5768417822139806,17.0,322.0,85.0,18.87562488761929,19.83210246769576,18.87,9.372355919190813,29.805895025860664,3.180192395898046,14.33785813923709,23.0,89.33989429053246,20.715624276901348,669.2276590162508
TUN,2026Q2,ADM2,fixed,الشبيكة,36216.84747417558,609.6717224121094,1.683392578127723,0.1444280355467884,3.0,52.0,6.0,13.191677232060242,13.925110792876318,13.199,13.1,16.005,1.2217557251908397,3.877420746836073,52.74255500024352,100.0,0.0,70.64940062800844
TUN,2026Q2,ADM2,fixed,الشراردة,73080.66988480091,4840.45947265625,6.623447048701662,0.0757528111670279,1.0,10.0,2.0,9.42,9.42,9.42,9.42,9.42,1.0,2.462,19.0,0.0,0.0,221.27705455814282
TUN,2026Q2,ADM2,fixed,الصمار,15134.38566133178,257.0621337890625,1.6985303502992788,0.013229193177650122,1.0,15.0,1.0,3.655,3.655,3.655,3.655,3.655,1.0,0.366,124.0,0.0,0.0,7.591410272840751
TUN,2026Q2,ADM2,fixed,العالية,30489.892952919025,10342.150634765625,33.919930944773924,1.9520853457538077,7.0,302.0,60.0,23.472836742075334,24.44166516785108,24.08,13.774190528135273,36.55863834174352,2.6541406020969833,9.349881086710766,15.873960672607,94.87356771011302,33.11276250252912,358.13663941258886
TUN,2026Q2,ADM2,fixed,العامرة,40629.66910707982,3607.897705078125,8.879958376154828,0.13898026295199004,1.0,13.0,7.0,19.121,19.121,19.121,19.121,19.121,1.0,13.199,26.0,100.0,0.0,224.95559208067075
TUN,2026Q2,ADM2,fixed,العروسة,10881.854985031712,1682.3278045654297,15.459935892175713,0.20165568667776282,3.0,138.0,7.0,12.081,13.56144072597185,12.081,11.889,15.544,1.3074270333922113,6.075091451039654,42.280556027832915,100.0,0.0,30.177236179902167
TUN,2026Q2,ADM2,fixed,العلاء,34525.26710373304,4194.894821166992,12.150216850062893,0.20510248389703484,3.0,61.0,7.0,49.10516666419608,48.61216649780881,33.335,27.159126415730036,54.591,2.0100425604404553,16.52147974610033,11.83177978577037,100.0,95.70001744565272,95.56844676779474
TUN,2026Q2,ADM2,fixed,العمران,41540.14111328125,38880.644287109375,93.59776650994192,86.7437270590238,18.0,1318.0,378.0,24.37506569100003,31.081515503034638,25.644,18.11091472566071,39.08890380877937,2.158306435698452,15.306640701571856,17.587789546732576,100.0,50.33522592726801,8353.885045546587
TUN,2026Q2,ADM2,fixed,العمران الأعلى,53101.7705078125,53101.7705078125,100.0,95.70767562539983,13.0,3229.0,583.0,25.097974626133368,26.336251939752444,25.563,21.00647610377606,31.803172398922396,1.5139698939416857,12.745316568658879,23.0,100.0,53.83489761100623,16320.839748916436
TUN,2026Q2,ADM2,fixed,الفحص,51431.77092254958,15843.595458984375,30.805074713143817,0.20726124803501036,8.0,190.0,41.0,16.56248304249574,16.97751112974675,16.570999999999998,13.518383135038162,22.168287251441136,1.6398623289484504,5.241301802724484,21.635396533654642,100.0,0.0,54.975545463440724
TUN,2026Q2,ADM2,fixed,القصر,26321.843357233265,14704.421844482422,55.86395164243554,1.1742800696109301,13.0,347.0,79.0,21.699585801571768,20.626245421920604,22.019,14.556751076634045,25.576560501267434,1.7570239654865003,10.154397579850373,27.0,100.0,11.654407191116405,93.3949960958642
TUN,2026Q2,ADM2,fixed,القصرين الجنوبية,23546.567144053508,719.1448135375977,3.054138673964675,0.11542402599088368,4.0,76.0,6.0,18.27211323574593,22.444440123758444,19.3455,10.756,39.513,3.673577538118259,3.3278263684668716,31.34082818504867,100.0,30.519994276666278,27.20608755359256
TUN,2026Q2,ADM2,fixed,القصرين الشمالية,25342.853236638017,14588.270093917847,57.563645094340316,5.111017590937347,20.0,473.0,131.0,33.266796532497125,28.689836926058533,22.924,18.924352677260828,34.827302826364715,1.8403431504535737,18.725423318195638,17.8256172010574,100.0,64.81148588416468,259.2120745405415
TUN,2026Q2,ADM2,fixed,القصور,14810.738657528553,3255.804412841797,21.982728128058728,0.10693209234662945,2.0,42.0,6.0,19.168007953099913,19.168007953099913,14.072500000000002,7.560807953099913,21.327,2.820730288653342,7.012444521938588,33.47033807999852,85.11963576469718,0.0,32.272309281540224
TUN,2026Q2,ADM2,fixed,القطار,40913.573483159955,12449.690795898438,30.429243246187568,0.0819492708972261,3.0,84.0,7.0,13.482537582545778,14.301666343723022,13.512,12.91836688278279,20.58332922142442,1.5933383382118727,9.91500194431077,36.68503381453377,100.0,0.0,43.83166950798035
TUN,2026Q2,ADM2,fixed,القلعة الخصباء,6915.072563654838,2098.6584510803223,30.34904452211726,0.36013207754312454,3.0,37.0,6.0,18.6943866671658,18.850261780638473,19.097,18.669,19.04888705403954,1.020348548612113,10.451372185733302,39.82020046399478,100.0,0.0,33.647327560639376
TUN,2026Q2,ADM2,fixed,القلعة الصغرى,46330.2679155174,35508.35206604004,76.64180170680002,6.448110965000427,27.0,1083.0,260.0,20.391752106107347,23.212748966151548,20.044,17.068029553919693,29.8365502412129,1.7480957685804395,11.037908978120841,23.265325372183106,100.0,25.80214227496711,450.1058867198932
TUN,2026Q2,ADM2,fixed,القلعة الكبرى,64575.99886459131,41638.313735961914,64.47955040273217,3.2674875502620067,31.0,1272.0,224.0,18.387674842572096,18.47336558220084,18.578,11.595088965150262,23.778090378493495,2.0507035737250465,11.332691489030426,23.50247795638819,98.31936358063767,5.225984680258489,277.2456838568042
TUN,2026Q2,ADM2,fixed,القيروان الجنوبية,78056.458802924,38790.55305480957,49.69550713637611,0.9978084559803861,21.0,724.0,203.0,23.270973576529105,22.48652059524694,23.919,15.034893317151763,28.094018622268933,1.8685878263079765,16.167668069796484,24.0,100.0,30.896836012202,150.2378890805993
TUN,2026Q2,ADM2,fixed,القيروان الشمالية,39516.071732000055,29403.2387008667,74.40830379163422,4.223990193438962,43.0,2252.0,460.0,29.466622734147656,30.86853508105505,29.476,18.48888514754052,48.74794242760992,2.63660799656677,13.549802307734792,21.044654413733348,99.5698410685078,63.975176689401906,157.35681310842332
TUN,2026Q2,ADM2,fixed,الكاف الشرقية,41433.61404283255,20157.20196533203,48.64939356845448,0.6791973042431274,11.0,494.0,113.0,42.43869116352185,39.545656905805735,32.356,16.97051523432562,61.24701663523459,3.609025170393917,15.401172346828755,13.0,100.0,80.19115175275574,105.00204268781631
TUN,2026Q2,ADM2,fixed,الكاف الغربية,43323.7222630183,32819.22166442871,75.75346703864277,1.3703063237597184,12.0,401.0,106.0,35.44853750582332,34.70887101839262,35.1245,25.37131357713836,40.70732272287174,1.6044625596190014,13.46426073893061,10.17442247248098,100.0,85.95768671068697,202.99086971950962
TUN,2026Q2,ADM2,fixed,الكبارية,76373.57215118408,75118.30126953125,98.3564067434636,61.50415716680144,26.0,3672.0,645.0,23.404925983300394,24.73075589514554,24.113500000000002,19.0249383231944,32.796466362415416,1.723867158214718,12.996239713425096,20.0,100.0,35.83955165619738,7525.736639591033
TUN,2026Q2,ADM2,fixed,الكرم,90260.66711425781,90260.66711425781,100.0,94.50689144729984,38.0,5713.0,1441.0,32.00929204418933,33.94599311189728,38.0525,22.86097425098961,46.77927933548412,2.0462504713008514,15.47454223740129,15.574716359878993,100.0,75.68537701175988,9375.463995035932
TUN,2026Q2,ADM2,fixed,المتلوي,21720.83792748426,12820.349639892578,59.02327379217019,0.34070473538268714,13.0,345.0,61.0,17.136612859723755,16.485282527248923,16.406,10.423198647929896,22.036639586720767,2.11419165373936,10.621166836593803,27.51462922369841,97.02067700200926,0.0,22.316698957851372
TUN,2026Q2,ADM2,fixed,المحمدية,89223.72459933192,69835.89764404297,78.27054738820652,8.646215153486931,35.0,2316.0,434.0,19.830442206055647,20.808389063629736,21.645,16.60722443354939,27.763751832241596,1.6717875972190839,11.216998056488949,21.0,100.0,17.52308682012647,916.3984068953814
TUN,2026Q2,ADM2,fixed,المدينة,18505.5810546875,18505.5810546875,100.0,111.60202316168402,7.0,1726.0,199.0,21.144932339312106,21.693755585335143,21.165,17.927,25.58264446186181,1.4270454879155359,10.410612788848816,20.0,100.0,10.326374999679297,12305.208387850382
TUN,2026Q2,ADM2,fixed,المدينة الجديدة,67689.00079345703,67689.00079345703,100.0,74.27346682285044,25.0,3172.0,621.0,30.16511810316149,30.097945885571896,30.555,22.103946691896468,40.648054356001474,1.838950071794349,15.602786497292191,16.0,100.0,66.64144449122912,8374.813329806217
TUN,2026Q2,ADM2,fixed,المرسى,100309.27582168579,96837.39329528809,96.53882206011588,68.7526958389798,88.0,8137.0,2033.0,30.853636338472302,33.55044785228872,29.965,20.372066731909968,51.03177599472875,2.504987670926616,15.067790291332498,16.0,100.0,75.74787179403893,3276.4121475688676
TUN,2026Q2,ADM2,fixed,المرناقية,51140.18887799702,23813.216018676758,46.56458363008189,2.111727500453629,23.0,800.0,189.0,30.38066098241632,32.13976246022272,21.507,16.978075691433983,53.28926900156865,3.138710768526901,14.266568871103036,21.41604800564958,97.08034639284294,64.75554546055629,195.62655778338885
TUN,2026Q2,ADM2,fixed,المروج,124478.97229003906,119100.48181152344,95.67919755476161,64.62562138309737,43.0,7088.0,1461.0,33.12061834714884,33.49778327320029,34.999,25.987155821423336,42.415699133600455,1.6321793514099656,17.34186120533138,11.62259706272051,100.0,92.58195952368794,7787.073225278182
TUN,2026Q2,ADM2,fixed,المزونة,20723.78659659318,1061.1795654296875,5.120587207765094,0.022324893354094058,1.0,10.0,1.0,14.835,14.835,14.835,14.835,14.835,1.0,5.407,36.0,100.0,0.0,18.248889643611598
TUN,2026Q2,ADM2,fixed,المضيلة,15665.267252593083,10158.014320373535,64.84418144026283,0.23764608237955615,6.0,132.0,35.0,24.105073987525188,28.040574398280256,23.497500000000002,21.54641073391534,41.977108393644286,1.948218146958918,20.49603682071445,24.95584988392163,100.0,36.28822073324127,24.309927686804194
TUN,2026Q2,ADM2,fixed,المطوية,85521.14399495962,28372.86166381836,33.17642905418872,0.6908828021208396,11.0,254.0,55.0,17.884823678526384,19.604434622639875,17.907,11.338663092968709,32.92306230720308,2.9036105965278405,10.489026171581475,21.764013513451594,99.12384706347214,19.1139042841402,208.94181835783513
TUN,2026Q2,ADM2,fixed,المكناسي,27533.513552518267,4273.0242919921875,15.519357105811034,0.08122891645759994,2.0,34.0,7.0,13.559576066584363,13.559576066584363,14.9475,9.491,20.404,2.149826151090507,5.998035872355688,22.763084724685587,37.2819212552402,0.0,44.141912911019595
TUN,2026Q2,ADM2,fixed,المكنين,99682.3539454937,54293.80078125,54.46681246205105,4.132106192938681,33.0,1226.0,285.0,23.032223697067614,23.641408119755198,21.308,15.389176957020828,30.5333714389809,1.984080859181427,10.635093073930197,28.552363145286982,99.42461023101967,41.030954026109775,505.18193333365366
TUN,2026Q2,ADM2,fixed,المنزه,43400.45910644531,41646.12780761719,95.95780474458715,90.81254689671087,38.0,3330.0,972.0,35.15357615893577,35.84518773076239,34.583,26.74583314059148,49.30203155885215,1.843353740363679,15.264567586253438,15.0,100.0,93.84409196222853,4330.567161642014
TUN,2026Q2,ADM2,fixed,المنستير,119072.71086832881,103168.95782470703,86.64366257587918,27.75689761156024,70.0,4063.0,1223.0,25.534754485780407,27.8397144022002,25.732,16.186920934684224,39.96375544871838,2.468891743524044,12.942232094284005,20.0,99.27487129576139,53.80159947268689,1917.7239308898477
TUN,2026Q2,ADM2,fixed,المهدية,24914.738419786096,16129.57137298584,64.73907572786919,7.325681350071327,49.0,2616.0,806.0,30.868587206129938,32.572685311106895,30.777,20.598671955693785,43.743881951306605,2.123626321415111,12.94774870296766,14.0,100.0,78.12019332563217,150.30040941616875
TUN,2026Q2,ADM2,fixed,الميدة,31113.44240063491,5128.463165283203,16.483110737944415,0.9451849100205962,6.0,134.0,15.0,14.51403675655838,14.871153051951406,15.288,9.3813977317423,18.816665219724353,2.005742188720715,5.231491177473866,33.81833556685155,96.76965470663966,0.0,204.01048791404236
TUN,2026Q2,ADM2,fixed,الناظور,33202.44015223771,640.2481689453125,1.9283166116998856,0.06828893721537772,1.0,10.0,1.0,4.801,4.801,4.801,4.801,4.801,1.0,4.436,40.0,0.0,0.0,92.90109374903322
TUN,2026Q2,ADM2,fixed,النفيضة,56476.562284503045,11961.381103515625,21.179371795435543,0.4447422152540079,7.0,105.0,46.0,13.98368017019163,13.384792923288666,14.583,7.258,19.51490847235266,2.68874462280968,3.695333674491899,37.94733463313643,68.93111532828723,2.538134301722195,147.13013771473283
TUN,2026Q2,ADM2,fixed,الهوارية,44766.47945185853,13461.34139251709,30.070136310346438,1.385023959123645,18.0,710.0,107.0,13.353148331669875,15.382976463130381,15.833,8.636171566529331,23.200454428136716,2.686428152730692,6.32382294883874,44.160246147677526,90.01965693318658,4.351834394859399,144.53457004209753
TUN,2026Q2,ADM2,fixed,الوردانين,24528.747126579285,12265.767211914062,50.00568169510342,2.879408650484104,6.0,106.0,23.0,16.442185147592753,15.945794174127062,16.368000000000002,13.318219088761897,18.410598698032032,1.3823619040452007,5.561447995569786,24.13905662020458,100.0,0.0,477.46367700312334
TUN,2026Q2,ADM2,fixed,الوردية,38643.89219093323,38634.077392578125,99.97460194147472,85.49949400562072,14.0,1577.0,266.0,26.69236829776,26.816963546480252,25.371000000000002,21.18868285058345,33.37856247929419,1.5753014340093858,12.548219336634135,21.056944752911804,100.0,56.71910592948488,9836.407621477863
TUN,2026Q2,ADM2,fixed,الوسلاتية,30084.18967218555,5101.17663192749,16.956337157532957,0.1073953111697635,4.0,91.0,17.0,14.46504604525606,14.922000224709372,14.721,13.679,22.684334472452203,1.6583328074020178,5.48956503666221,33.43125345910436,100.0,0.7476397441518713,32.88975520823368
TUN,2026Q2,ADM2,fixed,بئر الأحمر,5386.238705869895,2092.814022064209,38.85483240435429,0.4281354674555878,4.0,71.0,5.0,18.39217093479783,18.44356940065906,16.712,9.722230312054286,27.891747503317227,2.868863070311668,4.334926010607941,50.37182339329679,98.37536320523145,3.848854571273867,21.999958800713298
TUN,2026Q2,ADM2,fixed,بئر الحفي,28178.27667108207,1161.0472412109375,4.1203628410763,0.04879000364757804,1.0,16.0,2.0,6.462,6.462,6.462,6.462,6.462,1.0,4.24,101.0,0.0,0.0,54.6982103180362
TUN,2026Q2,ADM2,fixed,بئر علي بن خليفة,38073.19834717171,2331.9813842773438,6.124994708910701,0.08380852264461179,4.0,73.0,17.0,20.365490957788275,20.506052591393612,20.1065,8.835,32.035,3.6259196378041874,19.043353501018736,38.31092511349901,76.5432039310514,25.514401310350465,31.592897011730148
TUN,2026Q2,ADM2,fixed,بئر مشارقة,27885.659742009197,5861.976806640625,21.021474337971902,0.31564677118129286,7.0,163.0,44.0,18.038859253744313,18.93791432203417,18.019,13.664472979544822,29.14553792176664,2.132942702246648,4.81301385137779,31.03030207061264,100.0,9.154746369497511,52.07567853032869
TUN,2026Q2,ADM2,fixed,باب بحر,34822.446746349335,33126.01232910156,95.12833078730856,39.1817655339569,18.0,2158.0,788.0,28.037867649035896,30.507381017413007,28.1,23.600228348968056,42.822080766780765,1.8144773912178356,16.921818179530746,17.75384222819272,100.0,73.99843814647961,3161.881216817846
TUN,2026Q2,ADM2,fixed,باب سويقة,21290.68408203125,21290.68408203125,100.0,77.03004826994244,7.0,666.0,189.0,21.2526789754703,24.751444496198047,21.362,19.58728768831093,37.03518788325217,1.8907767360436327,12.91601621492539,21.637119496882057,100.0,25.500939234719354,9773.806508856851
TUN,2026Q2,ADM2,fixed,باجة الجنوبية,41139.254531339815,17536.80059814453,42.627900767586894,0.9224798012741612,14.0,557.0,129.0,30.745434817309807,29.022559372669278,30.384,20.7230668500637,35.651096154053874,1.7203581116635875,13.184576300992083,18.233872836530953,97.61042109634406,74.07199266450365,112.79047189229252
TUN,2026Q2,ADM2,fixed,باجة الشمالية,77292.31361148425,40057.80114746094,51.82637092326483,0.842551885371351,15.0,710.0,178.0,24.009465195995684,25.744283407967856,24.004,18.060099336336723,34.70019650354137,1.9213735128092542,12.275154121923011,22.61869641624234,100.0,27.413916108722358,180.76460606861963
TUN,2026Q2,ADM2,fixed,باردو,86177.70458984375,86177.70458984375,100.0,106.13957900222438,30.0,4388.0,1003.0,31.8284096416482,31.04514157212516,32.467,23.423052740790915,35.964242911751086,1.535420822799919,14.820241225385008,16.742308213430377,100.0,79.17865535385265,12720.720906644574
TUN,2026Q2,ADM2,fixed,برج العامري,19842.423977613515,4568.200622558594,23.022391960339615,0.6911805649021769,5.0,101.0,11.0,22.70908237271922,21.62369392937567,17.462,12.424588478755913,28.446,2.289492327946167,9.387661399097693,22.0,94.41223634868992,48.70338656354814,114.11151498120206
TUN,2026Q2,ADM2,fixed,بن عروس,36847.316162109375,36847.316162109375,100.0,74.09731747406855,20.0,1921.0,374.0,27.780312083859634,27.871539959312727,27.9185,21.38156540706953,37.03083899612712,1.7319049513504454,15.410582281513397,17.0,100.0,62.342779196012046,5686.718931585419
TUN,2026Q2,ADM2,fixed,بن قردان,87637.1087115808,10852.970932006836,12.38399017444156,0.04907822753861638,9.0,200.0,23.0,18.95363434841104,21.862872601164977,18.68,6.31683042260921,45.20925205664017,7.156951988900499,19.291922248656086,37.450792362135694,53.00561797274942,47.654408740424245,18.230567061037664
TUN,2026Q2,ADM2,fixed,بنبلة,37581.63877618313,15939.295776367188,42.4124553782591,5.042918823366642,10.0,524.0,64.0,29.333926660089464,28.431186758905916,25.759,20.185543175323225,36.25777318877526,1.7962247968189577,15.711342784124891,20.19341279081953,100.0,56.98813136437525,768.3230113159462
TUN,2026Q2,ADM2,fixed,بنزرت الجنوبية,64250.37358910619,21259.595848083496,33.088672735263465,0.8204329099605457,14.0,343.0,76.0,22.69093231999736,22.604714161045663,22.345,15.72446754160351,31.13912756577849,1.9802977419356906,17.131245658999593,19.111946035119235,100.0,23.586356914862243,158.92260940684952
TUN,2026Q2,ADM2,fixed,بنزرت الشمالية,96967.80351591202,89561.14228820801,92.36173146224911,24.2995978295961,56.0,3470.0,823.0,23.392037170468488,25.80211498153053,24.082,17.420429710177423,40.903802747465704,2.348036381879188,12.929098132894836,22.0,100.0,38.17011006313345,1777.9183331892948
TUN,2026Q2,ADM2,fixed,بني حسان,15474.749686837196,1316.9576110839844,8.510364546989647,0.5701634236427688,2.0,194.0,6.0,14.576145487423004,14.576145487423004,11.8295,8.471345487423005,15.645,1.8468140655138399,6.072301137155856,110.45251593552004,85.99325759956761,0.0,178.21795672899
TUN,2026Q2,ADM2,fixed,بني خلاد,42558.68844997883,20556.258331298828,48.300967628406916,3.786590333001798,18.0,575.0,124.0,20.727178542332034,23.429534660880485,19.237000000000002,14.3665388047028,40.109577699897656,2.7918748033289704,12.828690775437138,18.996193687498362,100.0,21.648537745817325,371.9266037290044
TUN,2026Q2,ADM2,fixed,بني خيار,49396.926092028625,27924.115325927734,56.53006681813336,5.230201060152391,23.0,765.0,223.0,20.919372895114826,21.867488601251328,20.074,16.24973861792523,28.071011082675874,1.7274746223739557,12.78067587453132,23.495162812497526,100.0,36.47342625993667,464.5317557468521
TUN,2026Q2,ADM2,fixed,بو عرقوب,34804.69690624004,6479.06494140625,18.615490199096193,1.6759937888584389,9.0,321.0,44.0,17.862257392890246,20.3672965426507,17.875,10.89422025313562,33.873260809704426,3.1092873122291502,10.236739589357267,24.36407448885007,96.8348426328036,19.44765951032943,268.5190129988208
TUN,2026Q2,ADM2,fixed,بوحجلة,24388.258036196326,764.3608703613281,3.134134751349959,0.07207813217258072,2.0,39.0,7.0,17.364128885476045,17.364128885476045,17.0615,16.089,18.034,1.120890049101871,9.854306041061019,24.622373029256654,100.0,0.0,35.37282467502521
TUN,2026Q2,ADM2,fixed,بورويس,11855.828624130834,1713.8736572265625,14.455958428230138,0.08833795369702292,1.0,52.0,2.0,13.636,13.635999999999997,13.636,13.636,13.636,1.0,2.401,27.0,100.0,0.0,42.98495166898153
TUN,2026Q2,ADM2,fixed,بوعرادة,21981.329516844336,7234.8857421875,32.91377683339578,0.19118900402212716,3.0,70.0,19.0,18.186398844799843,18.223836431634215,18.291,17.838,18.847902154178925,1.0566152121414354,5.714015030705511,21.8321231973912,100.0,0.0,57.75242385942834
TUN,2026Q2,ADM2,fixed,بوفيشة,30050.646119465076,6469.541206359863,21.528792361536837,0.7417218948042973,8.0,399.0,46.0,18.768169443790647,21.271374651691,19.512999999999998,16.218067363301948,30.95621195151945,1.9087485122652037,19.63002582961876,24.52705532217468,100.0,27.291502536969205,114.74437425854138
TUN,2026Q2,ADM2,fixed,بومرداس,26196.59100165969,2488.2977294921875,9.498555477445676,0.5186800353637698,4.0,96.0,11.0,16.283369536378334,16.225562593740182,15.9875,11.841019437599867,20.27078080552746,1.711911792084371,5.029120888386936,50.09866669870617,100.0,0.0,136.9646288478337
TUN,2026Q2,ADM2,fixed,بومهل البساتين,53974.88480758667,45234.07736206055,83.80578767942545,35.72399276319043,30.0,2523.0,611.0,23.993244027935535,25.70645814374176,22.573,16.273221386830073,39.53332991303525,2.4293487425316784,15.082328987826253,22.552828569777404,94.1279370852705,46.230603860607594,2675.679531741014
TUN,2026Q2,ADM2,fixed,تاجروين,28433.573213326228,10123.482177734375,35.603974575343585,0.20435217510090817,6.0,214.0,47.0,24.767443422153384,31.257437714368017,26.0015,17.141373677029147,58.992,3.441497811756717,14.478096541865703,21.0,100.0,45.3318366133349,39.459659881266425
TUN,2026Q2,ADM2,fixed,تاكلسة,25422.774510114446,4046.8449172973633,15.918187512096,0.688671538757183,8.0,134.0,19.0,14.974889777994576,14.458100728654713,13.1445,6.569652378444976,20.643145462450516,3.1421975278601737,3.5440454626173485,29.393568399562,85.85590049021903,0.0,91.27502254973732
TUN,2026Q2,ADM2,fixed,تالة,45359.26892522119,12004.68588256836,26.465783437469323,0.17260698199331453,5.0,176.0,25.0,11.2442984127143,11.932286673325018,12.292,6.364938775681844,16.862948776629864,2.6493497221147146,6.075398723235702,42.91346205169591,95.36920685932,2.7428846697174554,63.292902249414446
TUN,2026Q2,ADM2,fixed,تبرسق,22160.213090720663,5456.132080078125,24.621297898813157,0.18326678700894677,3.0,124.0,14.0,16.429,16.3149349116759,16.429,7.448,24.955,3.3505639097744355,5.228,23.0,74.93074981887898,0.0,55.966754378622674
TUN,2026Q2,ADM2,fixed,تستور,36459.2232054393,10715.224960327148,29.389613980389353,0.33732804581127895,9.0,247.0,37.0,16.96958520014152,12.57819746003348,16.825,3.21,19.463988280291673,6.06354775086968,5.104854223272703,40.09230931517408,63.9214060290491,0.0,56.678802455128796
TUN,2026Q2,ADM2,fixed,تطاوين الجنوبية,7995.709617023669,2043.0961265563965,25.552405282533517,0.13885362085032685,10.0,317.0,45.0,28.120273887706347,29.273089359154806,18.917,17.650323822102376,43.11588353524267,2.44278144524756,17.008159029246805,26.646430789073868,95.83744130579068,52.56062200630313,4.211857773521827
TUN,2026Q2,ADM2,fixed,تطاوين الشمالية,16120.093971017555,7120.513610839844,44.17166316549935,0.1298778637492915,14.0,591.0,70.0,15.83935471516957,15.833272126608268,16.744,11.011510805213367,22.058495451699127,2.003221523540221,10.416481939741933,38.65061941123154,100.0,4.377929565115825,5.678780119578054
TUN,2026Q2,ADM2,fixed,تمغزة,5461.3123335874325,69.48152923583984,1.2722496900337277,0.028613561106268875,1.0,26.0,1.0,7.871,7.8709999999999996,7.871,7.871,7.871,1.0,1.453,22.0,0.0,0.0,6.135740544207638
TUN,2026Q2,ADM2,fixed,توزر,6958.121212782502,5876.47053527832,84.45484572017628,0.816783235732652,26.0,1008.0,226.0,24.656704593024585,26.277850858487298,26.505,17.962600193715463,35.577836164575984,1.980661807360358,11.702758877800724,24.538287709739652,100.0,45.36793707872733,8.489883543346636
TUN,2026Q2,ADM2,fixed,تيبار,12291.158047576337,834.5442428588867,6.789793440362184,0.6347198681861577,3.0,38.0,4.0,24.8430969178862,27.87745500689978,10.892,9.421526247052412,46.881,4.975945379833447,12.768269492760417,26.632792150374677,85.13072720145799,47.87010710562672,107.61588594021167
TUN,2026Q2,ADM2,fixed,تينجة,28622.71998768382,19345.475219726562,67.58782962643244,6.530328212359817,16.0,806.0,112.0,17.894104988336156,22.775980498957836,15.298000000000002,11.229890143276625,46.342022488999866,4.126667482739802,11.102664464355485,24.34916567334582,94.69542301233511,28.56102864746937,491.91187295769373
TUN,2026Q2,ADM2,fixed,جبل الجلود,20928.16778564453,19972.43115234375,95.43325224123843,50.235674880687796,11.0,762.0,150.0,17.295389475931625,23.338187662922735,17.796,16.029731703360223,39.74046732413133,2.4791723317365792,10.876789154035881,18.25601759355719,100.0,31.424907487720187,3982.7662013824624
TUN,2026Q2,ADM2,fixed,جبنيانة,55752.30412790224,9228.24153137207,16.552215510593815,1.0896936820774599,11.0,1855.0,39.0,17.678274371134762,19.970174245828336,18.735,16.62753227797332,28.84178524906859,1.7345800186643228,11.286380290184168,22.480019068271172,100.0,18.86554709296037,220.52016252922405
TUN,2026Q2,ADM2,fixed,جربة اجيم,66431.60213181376,6193.468994140625,9.323076360331529,1.1345919021112352,7.0,117.0,21.0,20.47533223266762,18.024653861095857,15.265,9.184845129572619,21.041,2.2908388441144094,5.811911015514619,32.5720612541223,92.6430143085676,0.0,416.7052313807895
TUN,2026Q2,ADM2,fixed,جربة حومة السوق,26232.741817831993,13908.643363952637,53.02016640326207,10.768392365573089,68.0,2333.0,609.0,23.961304699554244,26.729812445785363,20.619500000000002,13.804439084729315,47.41553345275939,3.4348033383849104,9.49453945790642,28.745626469045565,96.04395704268487,48.99625061378093,161.11566131934825
TUN,2026Q2,ADM2,fixed,جربة ميدون,27717.195499010388,14302.502899169922,51.60155146172915,10.776753884003037,79.0,2311.0,624.0,25.45775411955922,32.221612585220015,20.983,13.629385845249281,61.32684764889683,4.499604629673991,14.822,31.0,98.44583926262361,51.40461132201399,146.44406448496454
TUN,2026Q2,ADM2,fixed,جرجيس,74523.62300685974,32055.709964752197,43.01415936501308,1.2607353388595754,43.0,1109.0,196.0,19.569480285015064,22.189846902830972,18.425,13.476459599797108,32.926022493779286,2.443224962012649,10.405354234777695,39.0,94.21861147746668,36.807710383285055,84.07005755251302
TUN,2026Q2,ADM2,fixed,جرزونة,24088.655364990234,20593.80062866211,85.4916985469955,39.617938980014785,11.0,472.0,109.0,23.803005012807844,23.207253649836844,23.328,16.18633219637226,29.58487133831794,1.8277686988871147,15.981275016798383,24.078171292445532,100.0,20.498116421356567,3662.5454840788852
TUN,2026Q2,ADM2,fixed,جلمة,43414.632240580766,3708.41748046875,8.54186086367996,0.11169915469471886,3.0,103.0,14.0,16.023,17.450000000000003,16.023,14.712,21.615,1.4692088091353996,5.113,30.0,100.0,0.0,64.85803134921638
TUN,2026Q2,ADM2,fixed,جمال,75823.60901743174,35851.90673828125,47.283302922232245,3.0065147792679108,19.0,491.0,115.0,18.52863333774379,19.89490044096113,18.25,10.065621337507942,33.19617653107352,3.297975894182829,6.476584873156081,23.151964863251607,88.69204828028711,23.479018279994087,485.59991965225436
TUN,2026Q2,ADM2,fixed,حاجب العيون,30584.98746945187,5109.471242904663,16.70581440652208,0.21077903775132412,5.0,200.0,29.0,16.39262224965696,16.889582419007922,13.948,11.059161778692067,22.008,1.9900242387631315,5.404250584563471,29.0,99.40887146098937,0.0,51.93353411572084
TUN,2026Q2,ADM2,fixed,حفوز,38945.406061457754,3768.615409851074,9.67666225871163,0.12120781706416475,3.0,365.0,21.0,11.861112591862794,11.685968584625703,11.823,7.538481640410459,11.925,1.5818835368750335,3.5031771152466544,31.13173569300035,97.02546436562483,0.0,63.70792063031094
TUN,2026Q2,ADM2,fixed,حلق الوادي,56375.03756046295,51862.971618652344,91.99634069073328,33.78969110336472,29.0,3577.0,1072.0,34.82666301943584,36.1283007120161,36.199,25.90135664357588,50.14903027296436,1.9361545792004855,14.938900432383733,13.051275448775026,100.0,92.12489868443161,2742.826710544063
TUN,2026Q2,ADM2,fixed,حمام الأنف,42789.00157880783,42515.591552734375,99.36102732948818,44.16067301549855,21.0,1783.0,405.0,21.282864118863447,21.467746416702628,19.886,15.400933823104797,26.6106768260287,1.7278612538485698,10.226989167428137,21.61413749198981,100.0,35.377872267111066,3745.982058245807
TUN,2026Q2,ADM2,fixed,حمام الشط,36284.11047333479,31067.509155273438,85.62290421341585,21.02776508462907,23.0,1477.0,373.0,21.74547087084764,24.26786253049105,22.733,14.896956401053513,41.012384342193855,2.753071381701396,13.557390526296443,18.32283608870468,100.0,26.857470458122407,1380.3160114379164
TUN,2026Q2,ADM2,fixed,حمام الغزاز,16978.27621334815,6334.855960845947,37.31153788077466,4.546086068176218,18.0,746.0,100.0,20.993310382490662,21.207555076468708,21.988,13.00619687530428,30.345220702474368,2.3331355809393313,12.720082392214351,26.325150295180073,97.90719136305795,31.766438845977703,179.36274543438677
TUN,2026Q2,ADM2,fixed,حمام سوسة,48389.62315368652,45612.450622558594,94.26080975603475,57.16628076354456,43.0,2896.0,921.0,26.261396189000877,31.45502071801283,30.595,17.412382080845063,54.00428586621673,3.101487528557367,13.968857848758324,21.956185874248007,100.0,55.288898843593024,2620.2515433302287
TUN,2026Q2,ADM2,fixed,حي التضامن,85345.0439453125,85345.0439453125,100.0,105.57114498312053,15.0,1966.0,375.0,30.818812119234043,28.55377422199294,24.721,18.63186080028584,38.812413282982824,2.083120612536317,11.905738551875746,15.747093543710847,100.0,52.27585270127793,25076.14806156156
TUN,2026Q2,ADM2,fixed,حي الخضراء,33232.58753925562,30051.487823486328,90.4277699953046,31.385643709995627,48.0,3757.0,1418.0,33.67191889006797,39.33015038404782,37.8865,24.276169824141366,65.4623484887236,2.6965682380267735,22.495864904286645,15.0,100.0,87.60752936397441,907.1992522316418
TUN,2026Q2,ADM2,fixed,حيدرة,58124.66397724596,3235.879150390625,5.567136098468239,0.04982171081156522,1.0,27.0,4.0,21.696,21.695999999999998,21.696,21.696,21.696,1.0,6.914,40.0,100.0,0.0,117.03917798249809
TUN,2026Q2,ADM2,fixed,دار شعبان الفهري,49389.636959940486,37914.635498046875,76.76637819548888,6.337176920389974,18.0,1648.0,381.0,24.58905686922435,24.30257147323331,24.612000000000002,17.796162671802264,28.48047874235003,1.6003719041901596,14.245874762404956,25.94995814649563,100.0,43.640246726616425,718.9241638206925
TUN,2026Q2,ADM2,fixed,دقاش,23653.194243447575,8146.611953735352,34.44191033941275,0.09059814966146072,5.0,95.0,20.0,20.139260686489216,23.51436481511999,20.532,12.497,38.277,3.062895094822758,6.5215548651332815,24.94727473266417,100.0,33.280616610158916,16.67083133476888
TUN,2026Q2,ADM2,fixed,دوار هيشر,97124.47040557861,87240.88488769531,89.82379468674498,45.04304516515988,17.0,1292.0,310.0,20.21124926003306,22.194145858902594,20.985,17.96307016829394,29.53952096640522,1.6444583631669223,13.19854501193519,27.265107164933802,100.0,12.4374576482843,10741.486390878406
TUN,2026Q2,ADM2,fixed,دوز الجنوبية,29098.51504061247,1208.9817123413086,4.154788347975649,0.015137123058131604,3.0,50.0,7.0,3.0001335361508237,3.0001335361508237,97.059,2.141,81.38813353615083,38.0140745147832,0.5935952202502264,46.76192339529019,0.8768010778699021,0.8768010778699021,5.5894726448403045
TUN,2026Q2,ADM2,fixed,دوز الشمالية,23211.95036210645,6516.832725524902,28.07533457491639,0.06877370098488296,7.0,150.0,29.0,22.407178464216525,25.50194885398325,23.128,18.434264939982835,28.73206291444256,1.5586226523263431,15.227354294655978,30.506830076223928,100.0,29.78684061296019,8.76049220145681
TUN,2026Q2,ADM2,fixed,رأس الجبل,64094.90784829876,39217.58457946777,61.18673993929255,8.194716120868652,29.0,1319.0,318.0,20.18435041911747,20.7823932488195,20.816,11.155921138463121,29.90067885944803,2.68025190285338,11.556794260393888,30.0527461432761,93.28427503776867,27.799429847168653,763.6884835809462
TUN,2026Q2,ADM2,fixed,رادس,75182.23997497559,66950.33172607422,89.05072760316618,45.48071648414453,37.0,3160.0,702.0,25.100683227788252,29.92202881434924,29.455,17.26146458655946,39.352639021789265,2.279797222561924,11.691324921508096,19.0,100.0,47.9549119289525,3851.6202813260384
TUN,2026Q2,ADM2,fixed,رواد,142005.7727675438,126610.34985351562,89.15859361631045,38.57590836373802,90.0,7135.0,1575.0,25.07081305681607,26.453883681342187,24.758000000000003,17.541877001313964,35.82225971901423,2.0420995835469022,14.09684915391975,20.0,96.38039602942833,51.31456898328776,2546.7058079716426
TUN,2026Q2,ADM2,fixed,زرمدين,34112.12576478741,14079.281875610352,41.27354000947028,1.0799289871593338,11.0,421.0,62.0,12.727992142914221,14.82284263390911,12.193,7.372530066409709,23.771784335349913,3.2243726537864563,6.636799722969446,34.0,86.38741038301214,0.0,135.3831935885644
TUN,2026Q2,ADM2,fixed,زغوان,43377.540041290435,21276.742156982422,49.05013547732169,1.2424019739638075,21.0,693.0,150.0,21.03280861376182,22.251304877472045,20.848,11.655125214339602,32.122897526939674,2.7561177538803308,6.848319330125683,20.777651559723218,99.5283503998351,42.56195845173799,105.9494153785286
TUN,2026Q2,ADM2,fixed,ساقية الدائر,81473.0881959796,67438.46536064148,82.77391572346134,21.619990448127297,98.0,3267.0,889.0,23.13987113936533,24.28882979248632,22.7315,16.31430901421062,32.47558499529963,1.9906197048867766,15.05311035766851,23.0,99.68872939364213,32.199003549711655,712.6989733860191
TUN,2026Q2,ADM2,fixed,ساقية الزيت,133985.95950770378,115309.82702636719,86.06112718828365,23.070802581868325,85.0,3633.0,974.0,23.33816655968228,24.36220426664787,23.437,16.87674214939225,35.732973070124224,2.1172909293640543,14.65245568163403,25.0,100.0,38.10319255200512,1442.5354716030283
TUN,2026Q2,ADM2,fixed,ساقية سيدي يوسف,17431.38690991334,2537.12646484375,14.55493173294702,0.10027376051516126,3.0,77.0,13.0,13.515,15.049000000000001,13.515,12.785,18.847,1.4741493938208838,9.93,30.0,100.0,0.0,23.941964929193947
TUN,2026Q2,ADM2,fixed,سبيبة,20703.162565051025,2647.068115234375,12.785815244009562,0.05529357267635636,1.0,30.0,4.0,40.368,40.368,40.368,40.368,40.368,1.0,11.521,14.0,100.0,100.0,46.24553569068471
TUN,2026Q2,ADM2,fixed,سبيطلة,12988.246288668084,2767.0330772399902,21.304131564352584,0.1565533961095253,7.0,130.0,23.0,19.56486926850701,36.11903386160887,19.509,16.16209718353806,61.586,3.810520336601401,16.231685131474354,23.533256221243487,98.87650395278493,41.73482477491326,11.64147967499532
TUN,2026Q2,ADM2,fixed,سكرة,165460.98846435547,161840.3194580078,97.81176878009063,82.84642066587365,97.0,9830.0,2205.0,29.849704517131492,31.17536293605227,29.975,21.950048992946616,40.61244181646662,1.8502210099629819,15.724732222412817,21.0,100.0,73.74699439774993,5905.937988530986
TUN,2026Q2,ADM2,fixed,سليانة الجنوبية,30181.831522909626,3211.40869140625,10.640204816492394,0.09860834132597562,2.0,92.0,18.0,46.24965416601769,46.24965416601769,45.066500000000005,43.41525416601769,46.838,1.078837401731979,13.181258135080355,7.0,100.0,100.0,60.93058638497994
TUN,2026Q2,ADM2,fixed,سليانة الشمالية,39054.11439082071,20854.130249023438,53.39803647916031,0.7585744439303734,12.0,341.0,78.0,31.587859639705787,34.320340319927276,30.5185,19.601919743454975,54.64049490085596,2.78750732662806,13.13298565773524,15.368721120797215,100.0,67.20433293591925,101.10381071240342
TUN,2026Q2,ADM2,fixed,سليمان,62774.52650091055,34796.80654144287,55.43141220019898,6.572416411396874,39.0,2696.0,468.0,23.624830191532805,25.62419637662542,23.671,17.445090523114374,38.95790375169362,2.2331729204887316,12.320756681911464,25.0,99.66172133152925,34.8450575026677,440.1922483151044
TUN,2026Q2,ADM2,fixed,سوسة الرياض,63390.98426818848,61249.94793701172,96.62249079124774,51.215769290509776,21.0,1626.0,446.0,36.338666623953706,34.44841961733778,36.31,19.76887872125515,47.83288125713881,2.4196051749616805,16.97312102071393,14.5224354762968,100.0,76.00027058303539,6285.313919524984
TUN,2026Q2,ADM2,fixed,سوسة المدينة,37266.47790527344,37266.47790527344,100.0,89.87409372341368,23.0,2268.0,796.0,27.94238841781485,31.93228453613948,29.291,19.813785672653353,47.1198223826907,2.3781332432461237,18.938307434089896,22.597005987143074,100.0,66.44319482969394,5926.073505240427
TUN,2026Q2,ADM2,fixed,سوسة جوهرة,108217.40710449219,106986.14587402344,98.86223366146643,89.62556713160097,52.0,5281.0,1327.0,30.27122221647172,31.530410897685236,30.165999999999997,20.50444559225824,45.16171502689887,2.202532851897754,15.440226885902488,19.0,100.0,66.29211717231664,7588.484717518901
TUN,2026Q2,ADM2,fixed,سوسة سيدي عبد الحميد,52730.61405181885,43978.444091796875,83.40210877988044,48.27675215829465,24.0,1490.0,286.0,20.372407210997892,21.292246083023535,19.8405,15.627295345603375,29.982292148789217,1.9185848533428091,13.004496794444854,28.06487636663484,98.11893960594861,20.24687886464255,4312.57441114145
TUN,2026Q2,ADM2,fixed,سوق الأحد,15407.442814586617,7394.1553955078125,47.99080213692293,0.06188163921153359,4.0,91.0,16.0,17.159753203266142,15.569664590617975,17.200499999999998,11.348,18.101447252925176,1.5951222464685562,4.050611821442449,24.346756200558126,100.0,0.0,9.227214481629257
TUN,2026Q2,ADM2,fixed,سوق الجديد,72468.49275258213,550.4495239257812,0.7595708190110911,0.07251469374374056,1.0,13.0,1.0,17.423,17.423,17.423,17.423,17.423,1.0,19.017,24.0,100.0,0.0,209.23627125348332
TUN,2026Q2,ADM2,fixed,سيدي البشير,31392.549926757812,31392.549926757812,100.0,62.0219538654662,7.0,1026.0,185.0,21.098050217875606,22.253842065646662,21.138,19.591,28.40670106196194,1.4499872932449562,11.10025649764893,22.0,100.0,16.086165520174912,11596.187421113642
TUN,2026Q2,ADM2,fixed,سيدي الهاني,14855.77447663484,17.018827438354492,0.1145603513645263,0.07735200594226971,1.0,11.0,1.0,16.841,16.841,16.841,16.841,16.841,1.0,2.488,37.0,100.0,0.0,46.61963993436198
TUN,2026Q2,ADM2,fixed,سيدي بو علي,21462.800032805957,7295.456005096436,33.99116608245573,1.7138044106535097,9.0,216.0,20.0,22.495979917831846,19.786855005665345,17.983,11.04156756256307,25.314805255635136,2.2926821859484985,11.218243654088713,26.91137055565395,100.0,46.12154226686608,166.87743537734158
TUN,2026Q2,ADM2,fixed,سيدي بوزيد الشرقية,41064.73027241691,3896.556287765503,9.488815004789672,0.2520632715159714,8.0,176.0,27.0,14.853211494054735,28.002178229702235,28.488,5.154744592866786,67.44729483558996,13.084507606627989,6.886028895275301,29.0,64.55288456471239,42.344877443103336,51.640376893241594
TUN,2026Q2,ADM2,fixed,سيدي بوزيد الغربية,23944.179073423456,12346.121688842773,51.56210054637537,1.1253315564937678,19.0,825.0,147.0,26.14131505185087,30.628738840308813,31.091,21.93396887234698,46.161562227198324,2.1045695147947447,12.943222632739253,19.146708326763505,100.0,62.45592845646127,56.57121532958395
TUN,2026Q2,ADM2,fixed,سيدي ثابت,28739.449313640594,11143.761016845703,38.77513759999759,3.901315769463347,16.0,504.0,78.0,19.296625121514737,22.599431930353237,21.871000000000002,15.207048174652618,37.24707760843746,2.44932988839488,9.787531589881752,23.0,100.0,28.510506481012165,293.0155429778974
TUN,2026Q2,ADM2,fixed,سيدي حسين,132725.3818045631,96841.28897476196,72.96365447067228,17.89742570763805,48.0,2800.0,524.0,23.15704420062177,24.166101219468846,23.116500000000002,18.840490566526128,30.15312992630102,1.6004429300728529,14.692088211411386,18.0,100.0,35.40037251952873,2061.865966982195
TUN,2026Q2,ADM2,fixed,سيدي علوان,115928.35666969528,28286.25341796875,24.399770884842564,0.774638058612212,9.0,246.0,60.0,18.28782246389423,16.502267721945266,18.784,7.467,26.302933363142166,3.522557032696152,7.61053598983427,35.09761430553907,69.50321996728238,13.047689059568485,401.3819353890615
TUN,2026Q2,ADM2,fixed,سيدي علي بن عون,26191.273351581975,5662.91748046875,21.621390470222043,0.08192909223926075,2.0,66.0,6.0,15.525179423340322,15.52517942334032,15.586500000000001,15.159,16.014,1.056402137344152,8.424671256818726,29.004079617819293,100.0,0.0,42.609517331850796
TUN,2026Q2,ADM2,fixed,سيدي مخلوف,34871.91056375924,87.21412658691406,0.2500985038587237,0.03956142725418713,1.0,15.0,1.0,11.968,11.968,11.968,11.968,11.968,1.0,5.015,112.0,100.0,0.0,52.926131634560164
TUN,2026Q2,ADM2,fixed,صفاقس الجنوبية,48422.70511704683,37278.85981750488,76.9863222787633,14.529734244007857,113.0,4343.0,1184.0,25.63291158912118,27.48873995456388,25.516,18.539115060731245,37.98414804036582,2.048865219075219,15.108265597416624,22.0,100.0,51.92323492581388,246.82060211172433
TUN,2026Q2,ADM2,fixed,صفاقس الغربية,122774.71899414062,122774.71899414062,100.0,96.66844679692224,62.0,3356.0,967.0,27.422243020967397,28.209368617573237,27.557499999999997,19.046000624780227,38.19868871108699,2.005601567679659,14.718162960840344,20.0,98.88358470805751,67.55134771956254,7580.415323269086
TUN,2026Q2,ADM2,fixed,صفاقس المدينة,104689.60815244913,102047.78540039062,97.47651863572602,55.15104028636873,63.0,4041.0,1241.0,28.741142895613926,32.570501359451974,28.941,20.94751580618369,48.52063577408606,2.3162954606656894,16.15313429578802,22.0,100.0,66.84181820535852,3630.7402563168757
TUN,2026Q2,ADM2,fixed,صيادة - لمطة - بوحجر,37515.818099975586,34015.61328125,90.67005600304938,42.53868388660285,22.0,745.0,157.0,13.614857477652825,15.44946163953479,15.6965,10.17137286761781,24.335078254031448,2.392506751129541,5.495162548541685,33.0,100.0,7.950260382681298,2939.2515633642033
TUN,2026Q2,ADM2,fixed,طبربة,48838.36014918972,21642.360580444336,44.314265496081376,1.0859101068499126,13.0,251.0,84.0,23.0234757618022,27.30312506335758,23.223,16.013302461432918,45.630325510690206,2.849526237363474,15.122549529604433,20.242982045369853,100.0,41.303923807767134,170.30608126734703
TUN,2026Q2,ADM2,fixed,طبرقة‎,55975.36119354147,19178.306274414062,34.262050061817,1.3405437503486892,21.0,895.0,121.0,17.29990672146248,18.10942950105103,16.308,10.470798476460425,23.30646083205063,2.225853251253595,6.546622183198073,21.195279249525843,93.6320600290175,6.756632624521468,149.61313630001487
TUN,2026Q2,ADM2,fixed,طبلبة,37713.68193435669,29799.21466064453,79.0143341414189,32.56309652058035,31.0,1368.0,246.0,19.495623765674107,23.652268363952032,20.169,15.425130379716409,35.23932907985762,2.2845401116476975,10.680758873310477,24.0,100.0,30.116282635802555,1604.1809944408164
TUN,2026Q2,ADM2,fixed,طينة,56246.152787119354,29972.799728393555,53.2886219646608,6.915434690579374,28.0,882.0,153.0,23.1165709758249,23.85909175806358,22.4685,16.143357622165645,34.4726088927096,2.13540514306497,13.18590098363582,20.0,98.92504724754248,37.52579598558885,549.5835739326878
TUN,2026Q2,ADM2,fixed,عمدون,21657.17177939607,2816.863037109375,13.006606152467457,0.09939918333356815,1.0,16.0,3.0,10.501,10.501,10.501,10.501,10.501,1.0,3.844,39.0,100.0,0.0,89.72318979127819
TUN,2026Q2,ADM2,fixed,عين دراهم,35368.777107156646,9924.141967773438,28.05904749747582,0.6371989071805472,13.0,367.0,72.0,17.00625668486194,16.547706929113797,15.544,11.007358190895495,20.848174198147284,1.8940216023306493,6.277834795059706,31.927512152148818,98.93014601695766,0.0,72.27799427728208
TUN,2026Q2,ADM2,fixed,غار الدماء,65562.14040389773,21329.563674926758,32.533354682329275,0.4291592566554151,9.0,309.0,48.0,19.325275492652256,21.25557200396106,21.154,15.343163409136755,28.13111984689662,1.8334628327131495,11.056223430724602,22.0,97.57084351606792,35.636345100161854,129.24113935541197
TUN,2026Q2,ADM2,fixed,غار الملح,20788.772518634796,7372.394744873047,35.463348007990966,2.036937865437696,8.0,243.0,36.0,17.547514357936315,17.634652802474072,16.7215,8.65112620983095,25.886,2.992211577098912,6.90260746732928,30.05042636270417,91.76376903965485,24.239032963143167,222.82709148341573
TUN,2026Q2,ADM2,fixed,غزالة,27032.797446984827,598.4134521484375,2.2136571448885807,0.05852062180941137,1.0,14.0,5.0,18.168,18.168,18.168,18.168,18.168,1.0,8.055,15.0,100.0,0.0,66.43873583635546
TUN,2026Q2,ADM2,fixed,غمراسن,9956.572732892833,3511.4081115722656,35.26723708823893,0.4572168076166699,12.0,546.0,61.0,28.023302623799932,23.8012474727947,22.1435,11.414118188678641,38.27374923787037,3.3531937032011006,11.562673103466304,34.843088208649135,98.83226478289835,55.071584600819776,14.442501186688956
TUN,2026Q2,ADM2,fixed,غنوش,10238.05735206604,6027.9954833984375,58.87831329819605,11.472965795180238,9.0,145.0,43.0,20.09715713761101,19.828405102902334,20.08,12.916973073055663,27.637979268894565,2.139663767399685,13.02549286581302,31.0,100.0,7.04796350297427,507.0743396863784
TUN,2026Q2,ADM2,fixed,فرنانة,47644.984255122756,3602.2954330444336,7.56070232651429,0.30761057318588014,5.0,184.0,17.0,45.7013366495017,48.63009831168547,17.186,14.282895887092279,80.934,5.666497931497322,9.124574347053807,34.84979384559341,91.96259623539913,82.97549483361963,121.94434196693896
TUN,2026Q2,ADM2,fixed,فريانة,44890.33978881064,13789.036926269531,30.717158727558985,0.2746564102759614,11.0,373.0,68.0,14.810562015761889,14.299710490519637,14.311,7.726238055227094,19.24312074220419,2.490619704525605,4.385713873250858,31.147278230846446,78.2159997897659,0.0,44.61328572303415
TUN,2026Q2,ADM2,fixed,فوسانة,25523.29140734815,2413.561779022217,9.456310867207952,0.054394614283327994,2.0,38.0,5.0,12.646604453142578,12.646604453142578,10.367,8.885004453142578,12.718,1.4314005206268312,3.132332039310294,47.54662690065231,98.48159194263245,0.0,27.8981560453918
TUN,2026Q2,ADM2,fixed,فوشانة,89565.45497894287,61777.5358581543,68.97473570884935,25.410131133600313,41.0,4246.0,622.0,22.76635037605524,24.503841390114236,23.606,15.922518179101438,32.98354184150865,2.071502853411722,11.82386743805923,19.052752132047523,100.0,31.158190069235097,2309.4244982293976
TUN,2026Q2,ADM2,fixed,قابس الجنوبية,33877.43893579402,28359.37908935547,83.71169716548934,4.657760181343168,53.0,2296.0,576.0,24.904144477449424,26.718527541066774,26.654,19.127346612128342,34.11305209997554,1.7834701692677544,13.808946516088435,23.0,100.0,46.49890778102884,115.4638106804411
TUN,2026Q2,ADM2,fixed,قابس الغربية,34063.63491164385,16361.740173339844,48.0328661805466,1.8361633251060332,11.0,231.0,59.0,18.878449254838582,19.063316562503374,19.279,12.985263187345126,22.23421925452886,1.712265583973482,7.8314116076120115,26.094289063955888,92.81274043499631,8.369557503356045,220.66168923597988
TUN,2026Q2,ADM2,fixed,قابس المدينة,83375.16030883789,64109.39709472656,76.89268225362665,35.27721990344876,23.0,799.0,212.0,22.199957193943874,21.726996119371783,22.079,18.416170623158006,24.94495968859452,1.3545139322952773,12.461189584982248,27.781887242506983,100.0,3.556314018116058,4962.9299036691855
TUN,2026Q2,ADM2,fixed,قبلي الجنوبية,24319.804988489766,2733.685760498047,11.240574345854595,0.06803002117645587,3.0,36.0,8.0,30.304111382772174,29.422114712553388,26.949,15.534627363655478,35.762,2.302082899244053,11.72324886092533,17.23859948195344,100.0,89.34157343120474,21.249351894051163
TUN,2026Q2,ADM2,fixed,قبلي الشمالية,50538.62721689618,13022.780220031738,25.767973799806605,0.19828186137128,14.0,273.0,55.0,23.377115897716756,23.630094029023706,20.601999999999997,12.780811489175735,34.600743342193226,2.7072415058697272,8.170687880962461,24.0,100.0,45.96222735444053,27.672066025892182
TUN,2026Q2,ADM2,fixed,قربة,78103.71889597178,41212.820083618164,52.766783280205274,4.671701321754247,40.0,1804.0,368.0,20.995489974750605,22.362221793068294,20.7835,13.199603395297487,31.3160340610592,2.372498106436736,11.240787488136695,20.0,93.79248717576634,27.27653012818759,378.2692972630323
TUN,2026Q2,ADM2,fixed,قرمبالية,81175.68037480714,37169.704498291016,45.78921214663035,2.467006884397549,31.0,1282.0,267.0,20.916514626936927,22.887902624825752,20.231,14.914323609104654,34.05645383165079,2.283472903247222,12.321875156277605,26.0,100.0,27.147733883126506,268.1391481372591
TUN,2026Q2,ADM2,fixed,قصر هلال,29294.907300949097,25321.28872680664,86.43580423955218,37.17567449141986,33.0,1754.0,402.0,22.438100170953362,23.332674487779606,22.355,18.95516777198847,30.84316821588339,1.6271640845860909,10.769920252098304,25.0,100.0,34.466103481029734,1336.5552503969573
TUN,2026Q2,ADM2,fixed,قصور الساف,54657.85226243736,17291.44913482666,31.63580056494445,2.4696077873399993,22.0,755.0,165.0,23.240419160786015,25.537358971955218,25.549500000000002,14.80896133559431,38.2010897672976,2.5795927818029196,10.983230938521839,23.0,100.0,43.90062813677007,247.01073787555157
TUN,2026Q2,ADM2,fixed,قصيبة المديوني,83702.46408820152,67678.60864257812,80.85617237177361,14.775654874475862,22.0,794.0,178.0,16.613527557023403,18.0723663792008,15.802499999999998,13.703169035599002,24.4861969687933,1.786900307890929,10.59111811966771,30.0,97.2562390890877,5.400436354785625,2277.886580372742
TUN,2026Q2,ADM2,fixed,قعفور,17875.81532392253,3192.1371154785156,17.85729522057995,0.1576330998251185,3.0,134.0,13.0,12.846622521536549,12.914358640327826,14.733,10.945,17.190239123603448,1.570602021343394,4.201507510095531,21.159068498719524,100.0,0.0,38.67150923637203
TUN,2026Q2,ADM2,fixed,قفصة الجنوبية,28676.374809635094,23368.832427978516,81.49158526177,1.6272038856354116,48.0,2059.0,485.0,24.215525436695167,26.269241575268868,24.689999999999998,19.09358651593959,34.5086848987901,1.8073443074710858,14.53886863149097,24.0,100.0,39.61434099143269,38.21344011318876
TUN,2026Q2,ADM2,fixed,قلعة الأندلس,30009.753984935644,13714.305931091309,45.69949469754282,1.8886957898404815,15.0,432.0,81.0,21.016687195680003,21.22071923738129,21.798,11.744925830341122,27.480257209442186,2.3397557044124855,16.39710324748991,19.0,91.4005410441847,25.42506185297391,158.44522723147574
TUN,2026Q2,ADM2,fixed,قلعة سنان,16653.358974326467,16.56169891357422,0.09944960016238433,0.047927342837567256,1.0,17.0,2.0,12.765,12.765,12.765,12.765,12.765,1.0,15.822,20.0,100.0,0.0,32.41706152981808
TUN,2026Q2,ADM2,fixed,قليبية,64147.84935584701,44697.640075683594,69.6790937257033,7.236477234674864,38.0,2394.0,607.0,22.011158747780605,23.681372901751946,21.9475,16.335506683112342,33.11831278435882,2.0273820351465774,12.868222219747821,25.86306563496609,99.39759725101078,33.04338196985281,510.14858308185677
TUN,2026Q2,ADM2,fixed,كسرى,16895.464438069335,989.0970458984375,5.854216375785304,0.05654890189467489,1.0,10.0,1.0,21.133,21.133,21.133,21.133,21.133,1.0,7.444,27.0,100.0,0.0,38.83937830963245
TUN,2026Q2,ADM2,fixed,كندار,12238.993430585579,755.3272094726562,6.171481451939282,0.15391727869495322,1.0,13.0,1.0,10.894,10.894000000000002,10.894,10.894,10.894,1.0,5.021,26.0,100.0,0.0,76.84640544431782
TUN,2026Q2,ADM2,fixed,مارث,62749.679427745265,3424.48201751709,5.457369740765445,0.10348695175418349,4.0,98.0,10.0,13.984335588085035,14.045270687143951,13.205,12.58179845700059,18.603873816085873,1.4786339075185682,10.728045602516858,33.19467454421548,97.94935168041287,0.0,62.721979593658666
TUN,2026Q2,ADM2,fixed,ماطر,48325.566232494086,23976.422897338867,49.614365162300224,0.7998416252908015,19.0,842.0,152.0,20.688891102928988,21.024170002402013,20.199,14.90543538947913,25.3211767006754,1.6987881292315774,8.640550222252124,21.228407768793076,98.13558941386366,12.464486878354137,85.38249815919082
TUN,2026Q2,ADM2,fixed,مجاز الباب,46328.03697306722,18246.16357421875,39.38471121672207,0.7802652783409728,15.0,490.0,84.0,17.119919602045833,17.35990134556537,17.351,13.312964279294459,21.41202364026407,1.6083588291126125,7.877648794114128,28.319869509885326,99.12930714806994,0.0,100.16059701284064
TUN,2026Q2,ADM2,fixed,مدنين االجنوبية,90918.35056567412,41374.402183532715,45.50720720966694,0.6396054372834653,18.0,400.0,94.0,20.59712334039919,19.509045978466656,20.808500000000002,8.08709002355036,26.13514096553771,3.231711393026384,14.508309535581205,28.713558111089757,87.4713196455868,26.15366866668598,123.83464417192813
TUN,2026Q2,ADM2,fixed,مدنين الشمالية,27002.026646301216,12626.89982509613,46.76278558826541,1.3270385063907528,17.0,531.0,105.0,22.07185204571932,25.136246114064313,21.84,15.881769857220128,33.936650819868134,2.136830537463049,15.69569193692144,31.538063700310307,99.92603898632495,23.033729798894896,80.7749207165935
TUN,2026Q2,ADM2,fixed,مرناق,69481.48681336126,26256.78253173828,37.789609485859636,2.0424407468776096,34.0,2074.0,334.0,22.297357281802753,25.41828593268456,22.295499999999997,13.361949456169068,39.21800893677304,2.9350514358267166,11.38055688799175,19.0,90.77478997764926,39.18904062794908,173.53525602912532
TUN,2026Q2,ADM2,fixed,مساكن,107917.90605598704,73008.89416503906,67.65225237706389,4.743216323967552,64.0,2999.0,785.0,22.89142035700281,23.026498291815425,22.826,17.008372275618324,32.072910973901436,1.8857131331654988,15.32159720363215,24.0,97.04136263791744,33.84271976378886,324.5667128456529
TUN,2026Q2,ADM2,fixed,مطماطة,68159.76384775719,13876.0283203125,20.3580933045869,0.041689296822913745,2.0,110.0,4.0,21.6485,21.648500000000002,21.6485,16.617,26.68,1.6055846422338569,5.778499999999999,59.0,100.0,50.0,54.69953132284464
TUN,2026Q2,ADM2,fixed,مطماطة الجديدة,61225.15652575866,15585.2216796875,25.455584867521704,0.10332844588615213,3.0,66.0,13.0,12.482159445877983,11.122314209512254,13.09,8.161,13.143,1.6104644038720746,9.622996909915676,41.0,59.73682876538127,0.0,81.40756539569342
TUN,2026Q2,ADM2,fixed,مقرين,24697.796759605408,21701.089263916016,87.86649868060024,49.46526191428069,22.0,1586.0,393.0,26.760913093180864,34.89484223877888,24.8045,21.412209512345267,65.68510223190545,3.067647091442596,13.310083046054286,18.6615369798751,100.0,51.2628181463125,2314.5057136111686
TUN,2026Q2,ADM2,fixed,مكثر,30149.12713034756,11490.403930664062,38.111895846888494,0.28580847059656445,4.0,54.0,18.0,12.213870241061896,12.266785967366685,12.217500000000001,8.364,19.580927219314546,2.3410960329166124,3.722308779607429,25.580661309735664,68.25910131000637,0.0,87.70038022603998
TUN,2026Q2,ADM2,fixed,منزل بورقيبة,65397.00153267494,51387.02850341797,78.57704068854436,5.3899928476832875,29.0,1144.0,291.0,23.57984531886609,23.583255533387614,21.287,14.047070177049463,33.51171332684285,2.385672806105527,12.010640230879188,22.733922982697546,99.39644626540556,43.1222804360595,511.6616941873895
TUN,2026Q2,ADM2,fixed,منزل بوزلفة,43831.670268595626,17737.823120117188,40.46805200765056,2.516670356948123,14.0,738.0,134.0,21.587798779812026,21.825492426415895,24.173000000000002,15.364915874291912,30.095557578304717,1.9587193203354694,11.59631385169083,27.921574370016152,93.13018884868201,19.137775523693655,327.66094981864387
TUN,2026Q2,ADM2,fixed,منزل بوزيان,24521.063653806334,3246.310302734375,13.238864139690204,0.18256987709840797,4.0,62.0,14.0,10.669829969666761,10.288618820743531,10.661999999999999,6.602968653548571,14.474565069082624,2.1921299083108163,1.8525528617293139,34.87268342005265,83.25392815626695,0.0,44.187566169948205
TUN,2026Q2,ADM2,fixed,منزل تميم,73136.403723572,36984.95309448242,50.569827352014165,2.460576908486711,27.0,853.0,244.0,23.76897051564965,24.74682599907798,23.436,15.173890933994995,34.64150144196007,2.282967604858065,11.866185145141099,21.734157460367644,100.0,46.912358354453566,277.8532968428733
TUN,2026Q2,ADM2,fixed,منزل جميل,52071.15077859214,34967.28274536133,67.15289027131954,8.63269589694225,29.0,1027.0,205.0,23.35624225695789,23.265560035211724,22.353,16.882144908677883,28.363585731180223,1.6800937253299233,12.807669984943892,23.096066532865635,100.0,44.90244486572519,653.9987064416758
TUN,2026Q2,ADM2,fixed,منوبة‬,71877.39859008789,70182.2333984375,97.64158800276314,67.76338995247824,34.0,3640.0,748.0,28.335261590797213,30.96836655984616,27.493499999999997,20.87963823526125,42.020555045854536,2.0125135585390934,13.616033746923648,15.499678304770732,100.0,71.2222696152899,5976.497640139117
TUN,2026Q2,ADM2,fixed,منيهلة,121817.57667922974,118001.97355651855,96.86777292183505,50.81975178472844,49.0,3878.0,836.0,26.434665027386615,27.59995978536421,26.731,17.724904269591946,43.206343540822566,2.4376065948601733,14.979369941600643,18.193187731775165,100.0,51.73957934670709,5277.69410092245
TUN,2026Q2,ADM2,fixed,نابل,90311.8038517237,78351.65832519531,86.75683020774906,17.001846807205002,52.0,4043.0,1043.0,24.599335433298407,25.046532321600793,24.659,17.704003026990517,32.04120740441053,1.8098283961860109,13.568334290805169,22.0,100.0,42.581668385323056,1220.467667472318
TUN,2026Q2,ADM2,fixed,نبر,26490.056370598162,1296.4244995117188,4.894004306274885,0.06749569993879792,2.0,34.0,5.0,13.240396064257826,13.240396064257828,10.332,7.086796064257825,14.178,2.0006219836784327,5.884120135905643,48.9029595135622,87.81066126180221,0.0,36.835373924956514
TUN,2026Q2,ADM2,fixed,نصر الله,77629.15647185422,7883.418151855469,10.15522840920439,0.14523945520619125,4.0,63.0,11.0,11.891014564889462,12.256611446501923,15.0325,11.804,16.93699799529006,1.4348524225084767,3.7984057675319365,37.60128589885766,100.0,1.0082545766990478,113.31066542804375
TUN,2026Q2,ADM2,fixed,نفزة,47363.222261908755,4699.402038574219,9.922048826381584,0.11942054714225007,3.0,91.0,7.0,19.48982768542805,19.364334550983784,19.033,15.292466905185153,22.496,1.471051082829048,5.774322646681783,32.6316322603864,100.0,0.0,78.99526258028374
TUN,2026Q2,ADM2,fixed,نفطة,34390.81192074167,24793.540283203125,72.09350084651456,0.17274831559956402,11.0,355.0,57.0,22.64621487371761,24.32731975530716,24.477,11.2968464215788,41.935877572390446,3.7121755937379257,6.9315379849474725,22.081107894080755,100.0,33.3102865587991,20.95216770879468
TUN,2026Q2,ADM2,fixed,هرقلة,10167.170485377408,5417.002258300781,53.279349117747195,1.7393187345193766,6.0,281.0,42.0,24.230536916965967,23.948492443226595,21.9075,20.127072588603166,27.237,1.3532519386561355,18.215613080303708,22.24009935188104,100.0,29.515690124291616,120.49370268790118
TUN,2026Q2,ADM2,fixed,واد مليز,18045.4808786518,1476.081771850586,8.179786295397776,0.36292944066831995,3.0,109.0,8.0,28.9047284009755,28.61745482157484,24.402,15.72799418662395,34.221,2.175801923242293,24.524143806964588,19.541426988392352,100.0,48.01104691667813,90.29445175253011
TUN,2026Q2,ADM2,fixed,وادي اللیل‬,79747.44778442383,53839.75486755371,67.51282500362304,15.089115382788135,36.0,1257.0,305.0,19.63303656120384,21.315635035523904,20.417499999999997,15.8772131417162,27.839369669056868,1.7534166368221755,10.725198434291412,24.0,97.47064409821527,19.653254905033542,1395.3843841985147
TUN,2026Q2,ADM2,fixed,‫الصخیرة‬,17169.30031101052,383.0186462402344,2.2308343339687986,0.05607431219392241,2.0,21.0,6.0,11.8575,11.8575,11.8575,9.781,13.934,1.4245987117881607,6.3149999999999995,34.0,50.0,0.0,18.865247015921113
TUN,2026Q2,ADM2,fixed,‫المحرس‬,107491.06098463385,17266.256912231445,16.062970031247254,0.41080872281931535,7.0,163.0,26.0,10.62690269292014,12.962959404738024,12.371,6.513803791121534,22.258388213824865,3.417110635749202,2.7107439672878524,30.0,47.3437138139669,1.2660308875343382,248.59581713858006
TUN,2026Q2,ADM2,fixed,‫عقارب‬,33020.99127697126,7389.61181640625,22.37852811390233,0.27491013135101333,8.0,220.0,55.0,32.22512807784369,37.631938357797544,32.864999999999995,28.271381543077162,34.89388573202143,1.2342476323222318,12.4506043047412,13.798351482885778,100.0,100.0,44.944265504834746
TUN,2026Q2,ADM2,mobile,Balta Bouawene,41615.08888280431,5974.416732788086,14.356371434440845,0.2431896246691582,3.0,61.0,9.0,115.84075543070176,113.81768930902562,42.9,4.92488616096113,145.652,29.57469375730197,13.807363658602958,16.58025623967024,81.66475472125408,81.66475472125408,140.06702720538607
TUN,2026Q2,ADM2,mobile,Bou Salem,35503.90578969939,5967.1087646484375,16.806907949771688,0.33695174738279987,4.0,101.0,40.0,236.17923845396706,224.96242101144995,217.409,77.07031494089826,337.23887749112544,4.37572984812296,58.57525879645916,16.9110497075482,100.0,100.0,124.11188450329938
TUN,2026Q2,ADM2,mobile,Carthage,21079.038299560547,13493.241455078125,64.01260467067623,20.43677349730724,7.0,193.0,61.0,73.40885530175365,74.68072700041424,68.377,13.396,135.96787806658014,10.149886388965372,18.99517467246782,19.558369077765512,100.0,77.38133395901134,2570.5930085780797
TUN,2026Q2,ADM2,mobile,El Hencha,18136.837417857165,2097.1248664855957,11.562792443741095,0.33278976203197913,7.0,129.0,21.0,17.81688334085572,23.265335197194037,15.802,6.882063934184866,41.521,6.033219161733621,18.33025957676809,23.18047206516656,74.84537466874342,43.194844402188046,34.42950941144734
TUN,2026Q2,ADM2,mobile,Jendouba Nord,48800.5226723084,4345.155117034912,8.903911022044335,0.3222931850901931,4.0,52.0,12.0,73.6140417364043,72.86768705385875,54.3735,46.79182120568959,73.916,1.5796777747777058,14.242199486482228,23.86219881350235,100.0,99.52173168781671,162.8505815670336
TUN,2026Q2,ADM2,mobile,Jendouba Sud,72771.38484597269,34985.597160339355,48.07603597813836,1.0498885510742604,11.0,196.0,94.0,66.66861760701183,96.90344612218544,62.67,35.39614012777847,212.6065987769053,6.006491047029564,18.989012808018863,22.956408053539423,100.0,100.0,287.49279624008176
TUN,2026Q2,ADM2,mobile,Kerkennah,98534.16439245676,1720.4498291015625,1.7460439632380653,0.16612698906351261,1.0,48.0,5.0,130.94,130.94,130.94,130.94,130.94,1.0,45.224,21.0,100.0,100.0,648.3425445513233
TUN,2026Q2,ADM2,mobile,Menzel Chaker,55962.647374580854,304.40631806850433,0.5439455285790691,0.046004377901396415,3.0,52.0,7.0,39.774091881921834,39.72409237440366,33.039,20.8043625221798,46.612,2.2404916252688034,16.036663381966527,151.3977367429374,100.0,99.62267632008208,34.20828082288885
TUN,2026Q2,ADM2,mobile,أريانة المدينة,124034.18511581421,120775.08227539062,97.3724156470408,61.91032538091086,48.0,1291.0,675.0,98.51212233851784,104.47907465381452,98.4165,56.6150003458706,153.1809491438507,2.705660129083148,19.407405077838586,19.0,100.0,98.1608497253476,6683.281605622385
TUN,2026Q2,ADM2,mobile,أكودة,41215.53884887695,14637.187438964844,35.5137597318194,4.947462151918417,9.0,278.0,87.0,45.12360605533809,88.48656798727887,46.978,34.76610165155301,222.72686409617765,6.406437694064223,12.949329111110336,20.891943637130474,100.0,100.0,923.0307868826119
TUN,2026Q2,ADM2,mobile,أم العرائس,40703.911822956026,13687.82666015625,33.62779164737834,0.15631236232503992,6.0,104.0,34.0,80.1375707926433,106.72891227117903,68.958,43.9264873348729,249.25987082218546,5.674477654494807,20.931752624258596,22.0,100.0,100.0,41.74292680586941
TUN,2026Q2,ADM2,mobile,أوتيك,21414.120897144665,939.3121337890625,4.386414638736393,0.06357902921923295,1.0,16.0,4.0,34.926,34.926,34.926,34.926,34.926,1.0,13.67,28.0,100.0,100.0,57.145851121834724
TUN,2026Q2,ADM2,mobile,أولاد حفوز,36990.07251018504,712.9302673339844,1.9273556901995323,0.177745559434374,3.0,50.0,4.0,48.51590249511601,48.211547565441464,26.702,9.362368656796951,67.191,7.176709491269633,20.782594935696537,54.63427294887004,87.0316329584241,87.0316329584241,87.57940668249016
TUN,2026Q2,ADM2,mobile,البطان,21785.457276553534,5251.9012451171875,24.107372080592103,0.30648154476346157,2.0,32.0,7.0,55.530644303779965,55.53064430377997,50.72,42.654,58.786,1.378206029915131,22.13750546197056,23.61435938319863,100.0,100.0,139.27081956535122
TUN,2026Q2,ADM2,mobile,البقالطة,55522.193950653076,14071.88589477539,25.344614276738017,1.2272237638016195,2.0,45.0,17.0,103.91325428162068,103.91325428162068,95.86749999999999,35.148,156.587,4.455075679981791,17.9908910170221,21.734986148383282,100.0,100.0,1378.854402518362
TUN,2026Q2,ADM2,mobile,التحرير,16879.7607421875,16879.7607421875,100.0,100.55263524061455,7.0,164.0,88.0,64.2231417320689,75.09527541832819,63.884,49.29045768635374,117.0559646570832,2.374819998668639,19.778135757375903,19.883855571209285,100.0,100.0,10120.33040084393
TUN,2026Q2,ADM2,mobile,الجديدة,52188.23486998763,12760.236572265625,24.450408418782853,0.920478583981834,7.0,128.0,22.0,96.0239831943344,93.11223909255493,78.91,37.93673152410944,148.51002287537452,3.914676275709041,25.28026591673114,15.759713759938856,100.0,100.0,286.68125695381707
TUN,2026Q2,ADM2,mobile,الجم,42536.8048420661,11872.691833496094,27.91157417106887,0.521321490642418,6.0,109.0,25.0,56.62883210453474,66.39102689438252,44.5685,23.296524254143243,146.72030310096108,6.297948204649762,24.162497890610872,26.7586316613335,100.0,70.56468721616187,148.3962475571961
TUN,2026Q2,ADM2,mobile,الحامة,16539.208393383684,3721.086450576782,22.49857648607511,0.06826550950731733,7.0,100.0,37.0,108.454401088041,115.8093728865449,80.895,72.41284134314947,174.49470248402437,2.4097204204034766,27.654544775637884,24.027623266027344,100.0,100.0,6.259637862517327
TUN,2026Q2,ADM2,mobile,الحرائرية,117219.92641258275,87885.93811035156,74.9752544640035,18.889253276348274,19.0,362.0,194.0,56.51523690677673,64.8749958246514,57.727,26.0257394249828,128.86779971890041,4.951551908461697,18.040005443191546,21.324883965462302,100.0,94.77088772317059,4859.424619164388
TUN,2026Q2,ADM2,mobile,الحمامات,106733.52911466363,42981.54365539551,40.26995454185771,3.646979539327504,49.0,1092.0,457.0,100.51729196877386,112.09583720183527,90.152,49.30617227285721,200.30706027398733,4.062514915282834,23.47125312864012,23.0,100.0,95.35485415458393,327.9290091295807
TUN,2026Q2,ADM2,mobile,الرديف,16663.086614829117,6758.094970703125,40.55728165446153,0.18921528105526053,3.0,45.0,11.0,37.68331632337481,46.46618468671667,16.936,9.913603518236052,91.014,9.18071817503897,14.793593941086076,24.719926073552543,80.98439310177677,41.697223855202296,41.26860768972358
TUN,2026Q2,ADM2,mobile,الرقاب,49594.034668206645,3061.04150390625,6.172196967609491,0.024267956128344637,1.0,21.0,11.0,176.579,176.57899999999998,176.579,176.579,176.579,1.0,42.99,22.0,100.0,100.0,47.805282519485395
TUN,2026Q2,ADM2,mobile,الزاوية قصيبة الثريات,57080.056020736694,18480.70361328125,32.37681407770057,2.6990530406562256,4.0,80.0,15.0,75.7192259516932,77.35201878807884,78.3305,7.913,141.87549728472794,17.92941959872715,14.673447583725832,38.03166444577253,70.80053054307534,70.80053054307534,1565.2799406150014
TUN,2026Q2,ADM2,mobile,الزريبة,28726.729784483487,10322.095794677734,35.93202523265677,0.5558438952438127,8.0,200.0,67.0,11.795823895430724,13.077792009234658,11.766,9.582433016497623,19.134159721565663,1.9967955621107167,16.660977910087432,29.53565866676575,85.53455692154269,0.0,82.29296735968379
TUN,2026Q2,ADM2,mobile,الزهراء,33838.2633972168,24546.0146484375,72.53922685186147,37.3181836614983,11.0,254.0,128.0,67.48281527024236,71.03983634778746,78.549,32.804,102.94259053638918,3.138110917460955,15.646230484500698,21.348252321683514,100.0,100.0,4780.972578519517
TUN,2026Q2,ADM2,mobile,الزهور (1),36464.1748046875,26553.27734375,72.82017894543593,51.28476070833415,6.0,137.0,67.0,77.97449615056651,74.61462125039239,72.0075,36.097711030130036,120.40232057413094,3.335455826371748,24.16862144214172,19.808082646063948,100.0,100.0,12998.141238026952
TUN,2026Q2,ADM2,mobile,الزهور (2),80767.6845703125,0.0,0.0,7.8812214980952024,1.0,11.0,9.0,62.631,62.63099999999999,62.631,62.631,62.631,1.0,32.627,27.0,100.0,100.0,25473.788993918617
TUN,2026Q2,ADM2,mobile,الساحلين,31848.370816230774,7807.0928955078125,24.513319505590253,2.8945121469888666,5.0,101.0,28.0,39.95302578102407,63.4239561153614,35.084,16.877626164632606,150.131,8.89526752966021,8.448191602733248,23.41181753323927,100.0,64.58342535665895,748.6752046442865
TUN,2026Q2,ADM2,mobile,السبيخة,42194.81089603792,2234.481170654297,5.295630252164761,0.045780175257921996,2.0,32.0,5.0,40.324925413836944,40.32492541383694,34.029,28.446525413836937,41.453,1.457225421978477,10.521576674698819,25.31823956299935,100.0,100.0,39.45778811641511
TUN,2026Q2,ADM2,mobile,السرس,23757.046635899922,5301.726926803589,22.316439446610357,0.28201132590363187,5.0,100.0,33.0,59.70421222847129,58.28679042093183,30.071,26.74571682012454,88.983,3.327000005213757,14.1226653312009,23.709687745203883,100.0,98.61448128118934,54.8513371818324
TUN,2026Q2,ADM2,mobile,السند,31567.23310316968,5962.2554931640625,18.88748207255893,0.0990584970779281,3.0,36.0,14.0,117.62008665284745,141.24581635752762,101.038,100.993,182.735,1.8093828285128675,39.103461816566956,32.23364959488378,100.0,100.0,41.08225683050732
TUN,2026Q2,ADM2,mobile,السواسي,26125.178257420877,2470.108154296875,9.454894929167569,0.07154949343871232,1.0,10.0,5.0,80.32,80.32,80.32,80.32,80.32,1.0,32.615,21.0,100.0,100.0,75.12817254216878
TUN,2026Q2,ADM2,mobile,السيجومي,28089.153076171875,26681.7568359375,94.9895383587472,48.081515243993614,4.0,60.0,35.0,52.5645546220045,51.24409644445946,46.9745,26.199376526225386,63.674,2.4303631781566555,15.879650539219798,23.813771785163954,100.0,83.90099255859663,14079.148537939736
TUN,2026Q2,ADM2,mobile,الشابة,79344.72049349548,23723.80517578125,29.89966443668559,1.051997227532992,5.0,63.0,19.0,69.6599311815247,85.5982079154099,64.96,11.669418440247643,184.359,15.798473672359599,8.772512627818578,25.691774246446087,82.93342885809932,82.93342885809932,669.2276590162508
TUN,2026Q2,ADM2,mobile,العالية,30489.892952919025,4566.095703125,14.975768233019833,0.5577894400103632,2.0,22.0,11.0,28.987000000000002,28.987000000000002,28.987000000000002,27.77,30.204,1.0876485415916457,15.504499999999998,32.0,100.0,100.0,358.13663941258886
TUN,2026Q2,ADM2,mobile,العامرة,40629.66910707982,5209.949851989746,12.823018169945913,0.9734882563276932,7.0,114.0,19.0,37.81941646231448,38.374688142127276,19.246,12.004888289953758,91.63375916845064,7.6330372224399605,12.120174928118093,21.60889664185161,96.35923252982202,75.25846378653334,224.95559208067075
TUN,2026Q2,ADM2,mobile,العروسة,10881.854985031712,1522.828857421875,13.994202822189484,0.13443202807395782,2.0,52.0,5.0,52.047,52.047,52.047,47.178,56.916,1.206409767264403,39.5385,63.0,100.0,100.0,30.177236179902167
TUN,2026Q2,ADM2,mobile,العلاء,34525.26710373304,3158.812744140625,9.149278221801444,0.06840568505999403,1.0,35.0,4.0,28.76,28.76,28.76,28.76,28.76,1.0,12.121,24.0,100.0,100.0,95.56844676779474
TUN,2026Q2,ADM2,mobile,العمران,41540.14111328125,28023.9541015625,67.46234690233793,53.01334729753366,11.0,231.0,108.0,57.26062477224225,65.88974654949111,58.338,26.84046395016478,110.94982269210887,4.133677528753289,13.697146541199224,25.69743099982718,100.0,87.08819237753279,8353.885045546587
TUN,2026Q2,ADM2,mobile,العمران الأعلى,53101.7705078125,53101.7705078125,100.0,88.34704403176886,12.0,443.0,163.0,65.74003473591287,65.61233319705362,60.6145,25.37971105238355,95.86092863150394,3.7770693462052285,16.49025991189277,19.0,100.0,91.49624027296349,16320.839748916436
TUN,2026Q2,ADM2,mobile,الفحص,51431.77092254958,10836.425903320312,21.069517360463326,0.10363504379591235,4.0,60.0,14.0,13.371223050018397,18.514875884199117,11.557500000000001,3.3406375860139685,34.14,10.219606024589956,14.450020504802291,26.181157581613498,60.74866556179127,37.00198444327057,54.975545463440724
TUN,2026Q2,ADM2,mobile,القصر,26321.843357233265,12893.364013671875,48.98351471318504,0.8129887172473127,9.0,131.0,53.0,106.48905314336153,120.40956141488483,102.206,43.32054759341461,195.129,4.504305943484025,18.868959996618184,24.31002113880435,100.0,96.36996303424068,93.3949960958642
TUN,2026Q2,ADM2,mobile,القصرين الشمالية,25342.853236638017,10890.737426757812,42.973604136305916,2.044576397533641,8.0,117.0,62.0,142.74517529167926,134.43920832583493,143.64800000000002,42.16312484847014,223.6352273646283,5.304047747133304,18.638408967877158,24.0,97.21964859123594,97.21964859123594,259.2120745405415
TUN,2026Q2,ADM2,mobile,القصور,14810.738657528553,2771.328857421875,18.711618113747225,0.05346905176533973,1.0,50.0,3.0,86.254,86.254,86.254,86.254,86.254,1.0,36.527,20.0,100.0,100.0,32.272309281540224
TUN,2026Q2,ADM2,mobile,القطار,40913.573483159955,8315.474609375,20.32448867561679,0.054625954113030575,2.0,70.0,7.0,90.8665,90.8665,90.8665,20.013,161.72,8.080747514115824,30.3185,28.5,100.0,50.0,43.83166950798035
TUN,2026Q2,ADM2,mobile,القلعة الخصباء,6915.072563654838,9.501005172729492,0.13739559614552918,0.12001717313833832,1.0,15.0,1.0,16.846,16.846,16.846,16.846,16.846,1.0,7.357,65.0,100.0,0.0,33.647327560639376
TUN,2026Q2,ADM2,mobile,القلعة الصغرى,46330.2679155174,7387.678466796875,15.945684752499607,1.1939635833778854,5.0,74.0,41.0,80.6924382481572,113.87922212145632,70.644,22.3123369152899,213.735,9.579229679591945,19.11827841151447,18.76862703645086,100.0,87.22805653821204,450.1058867198932
TUN,2026Q2,ADM2,mobile,القلعة الكبرى,64575.99886459131,20263.494598388672,31.379297191947376,0.9487010672702939,9.0,226.0,48.0,65.60324249941642,100.6323994970805,54.622,15.88375057635013,228.99,14.416620237096344,13.422676066994025,22.824439506537725,93.25697369199564,67.26462967136061,277.2456838568042
TUN,2026Q2,ADM2,mobile,القيروان الجنوبية,78056.458802924,28176.635818481445,36.0977634017724,0.4276526784585427,9.0,191.0,63.0,68.71272548715805,68.59394064070649,33.835,2.8852960830588166,146.34058710802378,50.719434988759396,19.40959113141656,24.189912977044536,74.18640675340265,63.02817040049358,150.2378890805993
TUN,2026Q2,ADM2,mobile,القيروان الشمالية,39516.071732000055,13314.529739379883,33.69396085137126,0.982335058322956,10.0,177.0,85.0,110.3393122952148,103.0788140673506,107.6335,63.47850790806776,129.20694778056162,2.03544399574868,15.763848424302287,22.708052443644863,99.60903551307226,99.60903551307226,157.35681310842332
TUN,2026Q2,ADM2,mobile,الكاف الشرقية,41433.61404283255,12914.867553710938,31.17002427150096,0.30872223544747407,5.0,133.0,42.0,173.70832293888253,160.1131285008369,163.481,54.293112795049154,202.474,3.7292759537350206,25.06090970488319,23.95072483366386,100.0,100.0,105.00204268781631
TUN,2026Q2,ADM2,mobile,الكاف الغربية,43323.7222630183,17039.890625,39.33154801785228,0.5710320331061052,5.0,83.0,29.0,57.25062051504969,94.28207530223008,29.116,12.902,181.037,14.031700511548598,24.461264778916416,20.0,100.0,61.773591968172724,202.99086971950962
TUN,2026Q2,ADM2,mobile,الكبارية,76373.57215118408,75118.30126953125,98.3564067434636,44.944928068696484,19.0,451.0,166.0,53.41228042618242,57.86422996859716,52.692,20.26394571841154,94.29281045399277,4.653230509215174,15.930508911992339,21.0,97.09134127679667,87.13726907866923,7525.736639591033
TUN,2026Q2,ADM2,mobile,الكرم,90260.66711425781,86859.52087402344,96.2318622840124,67.15131179799447,27.0,636.0,377.0,88.55962258588559,98.61284707521122,94.545,52.95683233664349,179.91713694450576,3.397430114414379,23.524089550479342,18.740067401263865,100.0,100.0,9375.463995035932
TUN,2026Q2,ADM2,mobile,المتلوي,21720.83792748426,1092.9803466796875,5.031943750644606,0.026206749026328115,1.0,32.0,3.0,123.411,123.411,123.411,123.411,123.411,1.0,21.101,33.0,100.0,100.0,22.316698957851372
TUN,2026Q2,ADM2,mobile,المحمدية,89223.72459933192,39881.68127441406,44.69851651397288,2.717345520284452,11.0,245.0,94.0,80.37573404795108,85.31511788155916,70.709,35.82002615451933,143.50648248282582,4.006319868773181,26.45193226969004,18.823301600264866,100.0,100.0,916.3984068953814
TUN,2026Q2,ADM2,mobile,المدينة,18505.5810546875,18505.5810546875,100.0,111.60202316168402,7.0,151.0,99.0,75.49595243714008,76.53456547255031,79.335,31.09444459285055,134.79286902778935,4.334950207111333,19.96172288162979,21.21243567465783,100.0,100.0,12305.208387850382
TUN,2026Q2,ADM2,mobile,المدينة الجديدة,67689.00079345703,56877.57507324219,84.02779536781122,41.591355748722556,14.0,339.0,169.0,66.59869822793712,65.79828579384169,67.22749999999999,39.61529523145232,96.00284640823104,2.423378289807876,18.650927642141557,20.02690990690002,97.26286988541504,97.26286988541504,8374.813329806217
TUN,2026Q2,ADM2,mobile,المرسى,100309.27582168579,65898.77256774902,65.69559198582353,28.913045598107697,37.0,625.0,382.0,83.456641652226,92.35614230051449,89.251,41.29038059121711,149.22865352453465,3.614126374903823,18.94710281661271,22.022685518918138,100.0,96.48973132372355,3276.4121475688676
TUN,2026Q2,ADM2,mobile,المرناقية,51140.18887799702,13877.224914550781,27.13565440217104,1.0101004695659381,11.0,185.0,54.0,44.1818027011529,62.584716737836104,20.165,16.325204088371322,139.13262599442757,8.52256579711207,8.678479094194017,21.351077250922458,96.76757994940215,71.55208139936138,195.62655778338885
TUN,2026Q2,ADM2,mobile,المروج,124478.97229003906,97731.41491699219,78.51238897544526,42.082501210855895,28.0,638.0,360.0,86.5821939106358,94.55451077804085,84.545,44.00747255943368,146.6559655303295,3.332524160124518,20.28167905775817,18.0,100.0,100.0,7787.073225278182
TUN,2026Q2,ADM2,mobile,المزونة,20723.78659659318,920.708984375,4.442764260689486,0.022320035161960825,1.0,11.0,1.0,14.373,14.373000000000001,14.373,14.373,14.373,1.0,11.338,32.0,100.0,0.0,18.248889643611598
TUN,2026Q2,ADM2,mobile,المضيلة,15665.267252593083,3974.1451416015625,25.369149964190488,0.11881662287255239,3.0,68.0,24.0,154.31369885862296,154.40969910728512,134.52,126.17705169062955,165.01,1.3077655388920006,31.35298646992527,21.70162683774202,100.0,100.0,24.309927686804194
TUN,2026Q2,ADM2,mobile,المطوية,85521.14399495962,3455.4139404296875,4.040420624674221,0.18837422826493008,3.0,39.0,15.0,118.04201177665298,115.5246828493316,106.853,50.6254597988369,155.024,3.062174657099344,23.73446229789514,24.0,100.0,100.0,208.94181835783513
TUN,2026Q2,ADM2,mobile,المكنين,99682.3539454937,24909.25570678711,24.988631107575458,1.1276805344980119,9.0,124.0,57.0,109.70148058681394,94.88521865860186,89.725,25.442135232162634,150.769,5.925957024605609,19.700577112982447,24.0,91.36036090747268,91.36036090747268,505.18193333365366
TUN,2026Q2,ADM2,mobile,المنزه,43400.45910644531,35592.2470703125,82.00891834581255,57.35652192845622,24.0,513.0,306.0,104.40238244418069,108.50916502678805,108.3075,55.3820924416944,159.49414123837727,2.8798865157774745,20.340769915020328,20.0,100.0,100.0,4330.567161642014
TUN,2026Q2,ADM2,mobile,المنستير,119072.71086832881,74816.65808105469,62.83274944818155,12.29145035217987,31.0,719.0,352.0,104.63103156355467,110.08124943892778,79.711,26.725940620787153,198.43276013444256,7.424725024649036,23.339701593640424,23.0,98.53105931581318,95.31050592774784,1917.7239308898477
TUN,2026Q2,ADM2,mobile,المهدية,24914.738419786096,10180.731777191162,40.862286433262774,4.335097716548099,29.0,599.0,259.0,87.5364143986125,82.573236668164,76.784,13.691564541547912,129.72788147606923,9.475022455059962,22.204621798661556,25.23207238463912,97.33772844499316,80.97254032056634,150.30040941616875
TUN,2026Q2,ADM2,mobile,الميدة,31113.44240063491,3247.2860107421875,10.43692295094908,0.3150736772866215,2.0,108.0,3.0,21.712957647587846,21.712957647587846,21.0915,20.632157647587846,21.767,1.055003571211314,16.84518538230938,19.91999651752457,100.0,0.0,204.01048791404236
TUN,2026Q2,ADM2,mobile,النفيضة,56476.562284503045,4461.290195465088,7.8993657103120976,0.2541620186127126,4.0,79.0,29.0,41.441358639778485,41.9421832342593,42.8015,30.8399262439039,64.9608860206175,2.1063891497943596,29.018840988404886,16.707294859559497,100.0,100.0,147.13013771473283
TUN,2026Q2,ADM2,mobile,الهوارية,44766.47945185853,10353.169876098633,23.127058466217647,0.7692602936568037,10.0,233.0,59.0,19.286153011271352,32.43742577930127,18.322,9.169578039911725,81.97200470268584,8.939561269438192,9.4064108318748,35.47442275649623,66.12257456054425,30.41526300969825,144.53457004209753
TUN,2026Q2,ADM2,mobile,الوردية,38643.89219093323,38634.077392578125,99.97460194147472,36.641939260321806,6.0,141.0,55.0,74.21340586317017,78.17814791867555,81.95599999999999,24.776538377037262,143.44438733459282,5.789524959125693,16.975498085351884,23.09593341962703,100.0,83.40320601767968,9836.407621477863
TUN,2026Q2,ADM2,mobile,بئر الأحمر,5386.238705869895,925.22705078125,17.1776094842017,0.1072639604295208,1.0,12.0,2.0,7.99,7.99,7.99,7.99,7.99,1.0,3.419,37.0,0.0,0.0,21.999958800713298
TUN,2026Q2,ADM2,mobile,بئر الحفي,28178.27667108207,5614.579765319824,19.92520632420996,0.3414711033369235,7.0,131.0,18.0,26.859180679415303,28.90652481834911,21.719,17.58841609907026,49.7921682198469,2.830963739962859,21.674290775276013,24.770709206935926,100.0,66.20427499048704,54.6982103180362
TUN,2026Q2,ADM2,mobile,بئر علي بن خليفة,38073.19834717171,3231.9658203125,8.488821429819774,0.06286039848739443,3.0,47.0,7.0,90.46570004872409,83.95154556400027,130.559,35.811,156.114,4.3593867805981406,23.619,34.960012886031976,100.0,100.0,31.592897011730148
TUN,2026Q2,ADM2,mobile,بئر مشارقة,27885.659742009197,3373.293918609619,12.096876852900197,0.1353073327201107,3.0,44.0,12.0,54.04681480404349,70.40258443128738,13.245,12.888,101.578,7.881595282433271,26.666363339063125,24.690454597713,100.0,64.8470673031657,52.07567853032869
TUN,2026Q2,ADM2,mobile,باب بحر,34822.446746349335,33602.954345703125,96.49797037661044,41.35855806333704,19.0,1134.0,581.0,88.98017562556991,82.76148958838482,91.822,47.01824026311055,128.48092350489438,2.732576182901035,22.160870007346386,21.0,100.0,100.0,3161.881216817846
TUN,2026Q2,ADM2,mobile,باب سويقة,21290.68408203125,21290.68408203125,100.0,77.03004826994244,7.0,151.0,108.0,44.68272252807831,51.69139001192457,42.714,27.67083754497355,103.61755061972048,3.7446481499271695,21.435112598036756,20.0,100.0,100.0,9773.806508856851
TUN,2026Q2,ADM2,mobile,باجة الجنوبية,41139.254531339815,13051.017974853516,31.724002108281454,0.32954339531543914,5.0,93.0,35.0,100.62824668371499,125.04042968615293,103.963,46.62684277619091,296.237257753343,6.353363001121122,24.19300109950113,24.802244839165645,100.0,100.0,112.79047189229252
TUN,2026Q2,ADM2,mobile,باجة الشمالية,77292.31361148425,13913.501831054688,18.001145496810942,0.22467406103470225,4.0,46.0,24.0,34.47600567597207,33.823749704935736,37.806,14.955,48.592206754157175,3.2492281346811884,11.693236788957895,23.086869858653376,100.0,78.53137453154147,180.76460606861963
TUN,2026Q2,ADM2,mobile,باردو,86177.70458984375,86177.70458984375,100.0,91.98831262429363,26.0,630.0,310.0,78.18706606620141,82.23375224922952,83.633,44.47726684371446,128.80935849380364,2.8960718055454664,19.724689888195147,21.0,100.0,97.22039056703025,12720.720906644574
TUN,2026Q2,ADM2,mobile,برج العامري,19842.423977613515,719.2806854248047,3.6249637959369614,0.27625996262771724,2.0,22.0,3.0,23.764249620275486,23.764249620275486,32.3365,21.488,41.12184962027548,1.9137122868706016,6.717739552778828,17.419643198649673,100.0,10.491079966241806,114.11151498120206
TUN,2026Q2,ADM2,mobile,بن عروس,36847.316162109375,29740.302734375,80.71226301403568,51.86790971549772,14.0,316.0,161.0,86.98624101604014,104.37787545988922,88.26249999999999,24.758910565350714,190.5167515349836,7.694876195465787,16.236995212944002,19.0,100.0,90.5476050793611,5686.718931585419
TUN,2026Q2,ADM2,mobile,بن قردان,87637.1087115808,12751.427597045898,14.55026048270447,0.03272186762226065,6.0,106.0,40.0,53.11861834367792,52.907701013487426,55.1185,22.98880287023047,79.6837595597516,3.466198740732982,15.077576953861659,32.95801528555228,100.0,98.02782917615717,18.230567061037664
TUN,2026Q2,ADM2,mobile,بنبلة,37581.63877618313,986.4706420898438,2.624873939012491,0.5040944448328166,1.0,12.0,4.0,88.272,88.272,88.272,88.272,88.272,1.0,15.659,33.0,100.0,100.0,768.3230113159462
TUN,2026Q2,ADM2,mobile,بنزرت الجنوبية,64250.37358910619,7084.490295410156,11.026379925378908,0.11719400975294347,2.0,24.0,4.0,96.07701892495677,96.07701892495677,63.843500000000006,2.817,124.87,44.32729854455094,34.10609841798557,25.0,76.4094441963383,76.4094441963383,158.92260940684952
TUN,2026Q2,ADM2,mobile,بنزرت الشمالية,96967.80351591202,67594.60986328125,69.708302562705,13.020308045806447,30.0,623.0,292.0,71.06706845768866,80.460128053955,72.97200000000001,35.861982113039446,134.14296499570355,3.740534044461783,17.07449951500977,20.0,100.0,98.1815251151221,1777.9183331892948
TUN,2026Q2,ADM2,mobile,بني خلاد,42558.68844997883,2665.1956481933594,6.262400805245409,0.4208205360466101,2.0,44.0,8.0,47.57037951826094,47.57037951826094,47.239999999999995,46.79597951826094,47.724,1.019831201126518,11.124668660980447,19.6826023104565,100.0,100.0,371.9266037290044
TUN,2026Q2,ADM2,mobile,بني خيار,49396.926092028625,11377.888061523438,23.033595330053405,0.9092531263396557,4.0,73.0,24.0,99.94769347446109,97.03356067619936,103.602,55.487,131.706,2.373637068142087,17.287590968776872,23.225316157233905,100.0,100.0,464.5317557468521
TUN,2026Q2,ADM2,mobile,بو عرقوب,34804.69690624004,3686.2236938476562,10.59116734668867,1.1173008570888063,6.0,158.0,19.0,29.382910844905346,33.88145236109347,10.165500000000002,4.154674457581083,66.058,15.899681352762357,10.602264188980206,28.132342484610295,67.9024953502428,62.33927894369027,268.5190129988208
TUN,2026Q2,ADM2,mobile,بوعرادة,21981.329516844336,6039.98095703125,27.477778140775335,0.19116727522829605,3.0,52.0,10.0,39.297997680506114,65.09558657658064,42.807,10.35,155.402,15.014685990338164,21.786738490711183,38.8920443510423,100.0,61.68204043353368,57.75242385942834
TUN,2026Q2,ADM2,mobile,بوفيشة,30050.646119465076,3024.31298828125,10.064053119717364,0.18548837165549567,2.0,45.0,12.0,9.9275,9.9275,9.9275,7.979,11.876,1.4884070685549566,6.7645,25.5,50.0,0.0,114.74437425854138
TUN,2026Q2,ADM2,mobile,بومرداس,26196.59100165969,607.7601165771484,2.3199969665466917,0.25956365717452434,2.0,31.0,3.0,4.3092725989574685,4.3092725989574685,4.6465,3.546,5.747,1.6206993795826283,3.5859966465367816,41.24968170482438,0.0,0.0,136.9646288478337
TUN,2026Q2,ADM2,mobile,بومهل البساتين,53974.88480758667,34422.751708984375,63.77549823718371,16.669676455914285,14.0,452.0,183.0,84.5765006877498,86.07941450828577,75.8085,28.202721807879424,159.23032272304064,5.645920411786427,14.745298344617474,23.05441879502497,100.0,89.48665119006492,2675.679531741014
TUN,2026Q2,ADM2,mobile,تاجروين,28433.573213326228,4351.83203125,15.305259028120975,0.034058057757148784,1.0,12.0,5.0,154.856,154.856,154.856,154.856,154.856,1.0,37.977,21.0,100.0,100.0,39.459659881266425
TUN,2026Q2,ADM2,mobile,تالة,45359.26892522119,329.2746887207031,0.7259259166269674,0.03452524690094918,1.0,16.0,2.0,18.718,18.718,18.718,18.718,18.718,1.0,13.635,23.0,100.0,0.0,63.292902249414446
TUN,2026Q2,ADM2,mobile,تبرسق,22160.213090720663,6364.7926025390625,28.72171209041418,0.18328766946027156,3.0,60.0,19.0,60.99188374560823,56.5829329703402,59.817,29.894410987101917,63.355,2.1192924666532083,18.871609196410628,23.33584864578393,100.0,100.0,55.966754378622674
TUN,2026Q2,ADM2,mobile,تستور,36459.2232054393,3607.02783203125,9.89332057818808,0.0375127789005402,1.0,25.0,12.0,259.558,259.558,259.558,259.558,259.558,1.0,32.976,16.0,100.0,100.0,56.678802455128796
TUN,2026Q2,ADM2,mobile,تطاوين الجنوبية,7995.709617023669,1159.6651611328125,14.50359276009435,0.027753948304400453,2.0,41.0,19.0,132.5268062362796,132.5268062362796,128.1,103.211,152.989,1.4822935539816493,38.516320530397486,35.04351847807964,100.0,100.0,4.211857773521827
TUN,2026Q2,ADM2,mobile,تطاوين الشمالية,16120.093971017555,4878.87353515625,30.265788424856677,0.04639123997572453,5.0,96.0,16.0,44.91730098601758,47.92583025753306,48.731,10.519,112.26469959164979,10.672563893112443,7.27444213118523,42.87727578143666,100.0,59.5930542336732,5.678780119578054
TUN,2026Q2,ADM2,mobile,تمغزة,5461.3123335874325,1137.9086532592773,20.83580985216802,0.057224023887585594,2.0,23.0,10.0,32.86415008239167,32.86415008239167,34.266999999999996,32.669,35.42095008239168,1.0842373529153535,14.53332757867434,28.0,100.0,100.0,6.135740544207638
TUN,2026Q2,ADM2,mobile,توزر,6958.121212782502,3997.954330444336,57.457382649498044,0.3769567084878891,12.0,218.0,88.0,54.11992430992017,59.090721238506994,54.6395,18.501051597130637,86.3009996535643,4.664653746868577,12.908328734148487,32.947777897203096,100.0,87.7856868290128,8.489883543346636
TUN,2026Q2,ADM2,mobile,تينجة,28622.71998768382,7772.742172241211,27.155847437230893,2.041173734313209,5.0,102.0,24.0,15.621913740797655,28.32338622497622,17.375,6.524,78.601,12.047976701410178,15.963969234015675,25.050100594948294,49.518499545590835,40.00398661602172,491.91187295769373
TUN,2026Q2,ADM2,mobile,جبل الجلود,20928.16778564453,10119.5244140625,48.35360896238555,27.400562525805494,6.0,131.0,40.0,61.59320085732786,58.28299450399548,59.1545,16.128912753687125,94.59060969881273,5.8646612541932805,18.180411069061243,20.843698693661047,100.0,85.0105328884472,3982.7662013824624
TUN,2026Q2,ADM2,mobile,جبنيانة,55752.30412790224,5495.672348022461,9.85730084879497,0.792656320373968,8.0,175.0,22.0,36.189084957661905,63.916705240720596,35.438500000000005,32.40647486972278,52.59934493764873,1.623112206714963,17.40395632122235,22.65306495932032,100.0,97.28386773880415,220.52016252922405
TUN,2026Q2,ADM2,mobile,جربة اجيم,66431.60213181376,261.1092529296875,0.3930497602806475,0.16214132296957098,1.0,12.0,2.0,51.525,51.525,51.525,51.525,51.525,1.0,8.846,25.0,100.0,100.0,416.7052313807895
TUN,2026Q2,ADM2,mobile,جربة حومة السوق,26232.741817831993,7189.828182220459,27.407841056603143,4.433801081415911,28.0,569.0,234.0,73.94506369851958,67.08793109422633,62.793,19.49228421185881,113.49734690266575,5.822680690937991,15.987869667468509,30.0,97.80564923040896,86.64870326833707,161.11566131934825
TUN,2026Q2,ADM2,mobile,جربة ميدون,27717.195499010388,4125.401294708252,14.883905894647764,2.046049421601557,15.0,258.0,112.0,92.37011152679143,93.0749113008431,88.749,42.90900164095475,126.13641145033702,2.939625873978512,20.69503566003313,44.77190090990364,95.70853479490818,93.40689879859424,146.44406448496454
TUN,2026Q2,ADM2,mobile,جرجيس,74523.62300685974,6613.754131317139,8.87470826627465,0.2051663078565384,7.0,145.0,37.0,84.42276079759216,83.3664947861523,64.076,46.748135257970695,108.945,2.3304672881347614,19.711634684017273,28.107708185659398,100.0,100.0,84.07005755251302
TUN,2026Q2,ADM2,mobile,جرزونة,24088.655364990234,5749.70654296875,23.86893936523003,7.201779319150947,2.0,30.0,16.0,97.739,97.739,71.0565,97.739,97.739,1.0,23.866,20.0,100.0,100.0,3662.5454840788852
TUN,2026Q2,ADM2,mobile,جمال,75823.60901743174,22271.622428894043,29.37293900607373,1.2658842171680944,8.0,134.0,52.0,53.2374805248059,84.49201958472024,92.3195,5.2,201.0891468455245,38.67098977798548,9.823890470451346,23.179062831535628,75.55378054786192,58.24719770049467,485.59991965225436
TUN,2026Q2,ADM2,mobile,حاجب العيون,30584.98746945187,8096.412649154663,26.471852104701103,0.16858293213599962,4.0,67.0,16.0,52.12488667753341,52.98340988186398,38.3455,14.408045318092027,88.786,6.162251578186833,26.956122904899033,29.557588211439686,99.62695153992054,56.98640637763862,51.93353411572084
TUN,2026Q2,ADM2,mobile,حفوز,38945.406061457754,4711.716552734375,12.098260178104335,0.12121684477656454,3.0,90.0,15.0,38.48770284738853,34.128761034076504,36.427,12.314,43.137,3.5030859184667857,18.84380807328953,20.77156313121399,100.0,77.60476591998079,63.70792063031094
TUN,2026Q2,ADM2,mobile,حلق الوادي,56375.03756046295,48873.59112548828,86.69367372584138,30.293614507095626,26.0,668.0,421.0,97.34179605570942,103.80737285820369,97.431,44.46794026592944,163.53395089094852,3.6775697258063778,22.857990178590057,20.701328908197627,100.0,100.0,2742.826710544063
TUN,2026Q2,ADM2,mobile,حمام الأنف,42789.00157880783,37469.079345703125,87.56708023834912,23.131046224253478,11.0,183.0,93.0,120.44243098447105,131.76884155260885,104.816,56.84691892515176,259.2963746881798,4.561309207093277,28.01155384468017,18.330453542761614,100.0,100.0,3745.982058245807
TUN,2026Q2,ADM2,mobile,حمام الشط,36284.11047333479,17235.988525390625,47.502855383646136,8.227239921854489,9.0,233.0,77.0,99.26775512544941,94.78217348334341,103.088,51.12836401860743,140.74781077944942,2.752832277759294,23.366965495091932,16.0,100.0,100.0,1380.3160114379164
TUN,2026Q2,ADM2,mobile,حمام الغزاز,16978.27621334815,1358.712173461914,8.002650895699931,0.5053888472689407,2.0,34.0,17.0,71.92291785569024,71.92291785569026,63.88849999999999,52.765317855690256,75.862,1.4377246851327168,15.254060784779432,24.164491675128815,100.0,100.0,179.36274543438677
TUN,2026Q2,ADM2,mobile,حمام سوسة,48389.62315368652,38848.77624511719,80.2832791686197,27.919218704167747,21.0,419.0,205.0,74.83471896152378,68.23885777615573,74.723,29.859596562686157,111.9366598882028,3.7487666537358275,15.085297351799737,23.75506086671908,100.0,91.79019786325038,2620.2515433302287
TUN,2026Q2,ADM2,mobile,حي التضامن,85345.0439453125,85345.0439453125,100.0,63.3433342480782,9.0,123.0,65.0,78.86373888977515,73.81132343066024,83.267,24.780760477739076,105.51895937481675,4.258100128509211,14.567517065207502,19.822744252527315,100.0,87.05032394091474,25076.14806156156
TUN,2026Q2,ADM2,mobile,حي الخضراء,33232.58753925562,30846.439895629883,92.81985598982587,28.770217241198385,44.0,1841.0,1151.0,107.886062717764,111.72061051526758,105.0055,70.95062945027632,163.50092501678736,2.304432339552001,26.513020147455492,18.0,100.0,99.15796652957793,907.1992522316418
TUN,2026Q2,ADM2,mobile,حيدرة,58124.66397724596,3235.879150390625,5.567136098468239,0.04982171081156522,1.0,11.0,3.0,14.607,14.607,14.607,14.607,14.607,1.0,14.955,27.0,100.0,0.0,117.03917798249809
TUN,2026Q2,ADM2,mobile,دار شعبان الفهري,49389.636959940486,28448.897705078125,57.600945170244486,2.112338813368452,6.0,119.0,43.0,35.31859924356799,53.1776301804089,47.0745,13.403694783136734,139.89712440375993,10.437206059016303,9.659861775400502,24.590097501069383,100.0,59.918097730146535,718.9241638206925
TUN,2026Q2,ADM2,mobile,دقاش,23653.194243447575,5435.3692626953125,22.979430206138108,0.05435384023284053,3.0,43.0,17.0,24.968524613811834,23.840680233667356,24.39,16.585648345127275,26.241,1.5821509930728386,14.195719502333008,34.74981174757032,100.0,42.10693194363048,16.67083133476888
TUN,2026Q2,ADM2,mobile,دوار هيشر,97124.47040557861,24184.5439453125,24.90056712208687,10.59868601548195,4.0,48.0,25.0,39.711184865131855,57.979942785512925,49.291,30.254,143.22255973539018,4.73400408988531,25.904728998182307,19.990595021656247,100.0,100.0,10741.486390878406
TUN,2026Q2,ADM2,mobile,دوز الشمالية,23211.95036210645,2303.6181640625,9.924276625298841,0.009823182675156675,1.0,15.0,4.0,158.734,158.734,158.734,158.734,158.734,1.0,27.772,26.0,100.0,100.0,8.76049220145681
TUN,2026Q2,ADM2,mobile,رأس الجبل,64094.90784829876,27593.99285888672,43.05177085860984,5.36871691413487,19.0,424.0,151.0,90.9467655686272,100.21617983344673,83.104,57.543173988736186,144.23089109147807,2.506481326867903,18.333702552110594,22.0,100.0,100.0,763.6884835809462
TUN,2026Q2,ADM2,mobile,رادس,75182.23997497559,46845.91101074219,62.30981017103887,17.209354412841915,14.0,228.0,130.0,64.99698596234174,67.52304855449582,64.52,37.74945230025283,103.82560794574786,2.750387134624798,16.250758268173698,18.0,100.0,95.49563235078723,3851.6202813260384
TUN,2026Q2,ADM2,mobile,رمادة,12343.248685244675,107.16472625732422,0.8682051945160169,0.000987319997195395,1.0,10.0,5.0,73.309,73.309,73.309,73.309,73.309,1.0,20.841,40.0,100.0,100.0,0.447281549652659
TUN,2026Q2,ADM2,mobile,رواد,142005.7727675438,100346.55810546875,70.6637175023377,18.00654040285462,42.0,1074.0,420.0,77.24281374027392,87.63596677452496,79.047,36.540019332301306,150.53119455849037,4.119625476646124,15.759168294117126,19.0,100.0,94.74777401989834,2546.7058079716426
TUN,2026Q2,ADM2,mobile,زرمدين,34112.12576478741,7217.269287109375,21.15748909016827,0.19634176424114333,2.0,25.0,9.0,25.885601974870724,25.885601974870724,25.253,19.939,30.567,1.5330257284718392,10.33559117392011,35.19044406260957,100.0,55.95222031304784,135.3831935885644
TUN,2026Q2,ADM2,mobile,زغوان,43377.540041290435,10773.469512939453,24.83651563155575,0.532426248594165,9.0,147.0,51.0,66.0085880989748,72.66615489530793,66.381,42.48548393135114,121.55927443686036,2.8611954763956122,21.661726838785217,27.0,100.0,98.13705939036637,105.9494153785286
TUN,2026Q2,ADM2,mobile,ساقية الدائر,81473.0881959796,36054.52258300781,44.25329072623391,5.735591716864349,26.0,414.0,136.0,53.19062762510734,55.80752882854008,58.2535,6.457544478762876,109.83732297356109,17.009146949709205,9.290958826162605,22.0,85.17884893874911,74.34792459329435,712.6989733860191
TUN,2026Q2,ADM2,mobile,ساقية الزيت,133985.95950770378,79786.98547363281,59.548765980248334,8.14340857097774,30.0,751.0,240.0,56.92647015243256,73.35075784303176,57.263000000000005,18.582988091424042,136.02738280125226,7.319995155355463,15.568780469813765,20.338756095340045,100.0,84.09667364839086,1442.5354716030283
TUN,2026Q2,ADM2,mobile,ساقية سيدي يوسف,17431.38690991334,41.222721099853516,0.23648560675576474,0.03347634933658746,1.0,11.0,1.0,1.876,1.8759999999999997,1.876,1.876,1.876,1.0,0.758,29.0,0.0,0.0,23.941964929193947
TUN,2026Q2,ADM2,mobile,سبيبة,20703.162565051025,2647.068115234375,12.785815244009562,0.05529973674368327,1.0,18.0,5.0,68.559,68.559,68.559,68.559,68.559,1.0,18.32,45.0,100.0,100.0,46.24553569068471
TUN,2026Q2,ADM2,mobile,سبيطلة,12988.246288668084,643.7251310348511,4.956212846044388,0.044806927833992226,2.0,51.0,8.0,52.7288608507729,52.72886085077291,28.7885,13.276860850772902,53.446,4.025499747320819,16.554008822471936,30.043626025503016,98.54579914989942,98.54579914989942,11.64147967499532
TUN,2026Q2,ADM2,mobile,سكرة,165460.98846435547,125439.49914550781,75.8121296806653,45.271375841925654,53.0,1022.0,505.0,76.1772230792093,82.1440259201135,76.082,28.468585651938042,135.74255590360033,4.7681524317088595,17.70105150036726,20.0,100.0,94.3995865593305,5905.937988530986
TUN,2026Q2,ADM2,mobile,سليانة الجنوبية,30181.831522909626,4187.0712890625,13.872820428025678,0.04930417066298781,1.0,10.0,4.0,74.358,74.358,74.358,74.358,74.358,1.0,12.164,36.0,100.0,100.0,60.93058638497994
TUN,2026Q2,ADM2,mobile,سليانة الشمالية,39054.11439082071,9798.46240234375,25.089449742193576,0.2528533879391979,4.0,73.0,27.0,73.80237526377522,56.86676496481755,77.924,6.957,88.427,12.710507402616072,22.541283256496094,36.642711565736086,67.02176097762468,67.02176097762468,101.10381071240342
TUN,2026Q2,ADM2,mobile,سليمان,62774.52650091055,21494.474487304688,34.240759246496125,2.5282134890164443,15.0,251.0,101.0,65.58595033149501,93.97950257855864,65.531,20.103046208114357,210.61734946695356,10.476887297903158,19.073497723376256,20.0,96.72344238573052,85.04389602792388,440.1922483151044
TUN,2026Q2,ADM2,mobile,سوسة الرياض,63390.98426818848,35660.772399902344,56.255274802221365,21.950123444672403,9.0,125.0,73.0,95.13611918130812,94.2143405117537,55.962,27.33638021713945,155.47354368879644,5.687422491706387,25.212170877379602,23.71177092633247,100.0,90.83278545177555,6285.313919524984
TUN,2026Q2,ADM2,mobile,سوسة المدينة,37266.47790527344,30760.929077148438,82.54316159240682,62.516874066709676,16.0,345.0,233.0,114.77094973825015,118.70536272875147,117.028,98.34433851093131,130.03093114541193,1.3222004755358494,20.361648404973614,24.91204664854977,100.0,100.0,5926.073505240427
TUN,2026Q2,ADM2,mobile,سوسة جوهرة,108217.40710449219,89679.28173828125,82.86955318721418,55.153183215424136,32.0,665.0,355.0,84.94469943201123,96.31949613831098,84.0085,52.910303652085865,158.11626615046154,2.9883832682224303,18.170038742082156,21.0,100.0,100.0,7588.484717518901
TUN,2026Q2,ADM2,mobile,سوسة سيدي عبد الحميد,52730.61405181885,31805.231201171875,60.31644382126214,26.149098869606924,13.0,298.0,107.0,82.45414252465417,108.03501232200465,82.005,46.14977491001001,227.89016661307375,4.9380558639224,19.504284737225152,20.0,100.0,98.23014450353035,4312.57441114145
TUN,2026Q2,ADM2,mobile,سوق الأحد,15407.442814586617,922.7579956054688,5.989040535213737,0.01546711095879357,1.0,15.0,1.0,105.884,105.884,105.884,105.884,105.884,1.0,11.067,32.0,100.0,100.0,9.227214481629257
TUN,2026Q2,ADM2,mobile,سوق الجديد,72468.49275258213,966.689208984375,1.3339441352599828,0.14532416507900317,2.0,24.0,5.0,51.516648228439074,51.51664822843908,50.9375,46.766,55.109,1.1783988367617502,16.670747634648205,23.16699283935408,100.0,100.0,209.23627125348332
TUN,2026Q2,ADM2,mobile,سيدي البشير,31392.549926757812,22806.072387695312,72.6480405093066,62.02093657655475,7.0,213.0,97.0,50.133961549974686,62.16071724539771,49.242,39.83236470765654,107.51415987379643,2.6991658833935652,17.442854225225595,16.060170718778107,100.0,100.0,11596.187421113642
TUN,2026Q2,ADM2,mobile,سيدي بو علي,21462.800032805957,3073.56640625,14.320435365152935,0.19049181999419473,1.0,12.0,3.0,182.57,182.57,182.57,182.57,182.57,1.0,22.161,15.0,100.0,100.0,166.87743537734158
TUN,2026Q2,ADM2,mobile,سيدي بوزيد الشرقية,41064.73027241691,1984.4446182250977,4.832479368695731,0.06289262041129964,2.0,40.0,6.0,32.49736449531267,32.49736449531267,18.8655,6.037364495312668,35.403,5.863982541966189,9.150821090706435,34.17569980376038,91.21500981198086,91.21500981198086,51.640376893241594
TUN,2026Q2,ADM2,mobile,سيدي بوزيد الغربية,23944.179073423456,5358.174743652344,22.377775939704623,0.47383788252258635,8.0,119.0,49.0,47.7226308250103,88.66258757150202,64.2245,27.834179936038872,245.28384252858206,8.81232510144823,20.85490669358846,24.0,100.0,94.34707303184001,56.57121532958395
TUN,2026Q2,ADM2,mobile,سيدي ثابت,28739.449313640594,4400.612823486328,15.312098626043147,1.4622461354442366,6.0,109.0,17.0,28.082162715048895,44.74353621116876,17.7015,9.973313322547122,148.4151151748536,14.881224561482975,8.820287764332743,41.045109770829555,94.42968304398134,61.2646730187233,293.0155429778974
TUN,2026Q2,ADM2,mobile,سيدي حسين,132725.3818045631,46954.93603515625,35.37751061383041,2.2366380400985104,6.0,90.0,49.0,70.15577339167258,67.63760287862321,73.2645,53.043,78.60345111174698,1.481881701859755,23.07720195769406,22.0,100.0,100.0,2061.865966982195
TUN,2026Q2,ADM2,mobile,سيدي علوان,115928.35666969528,22712.57373046875,19.591905192947518,0.4303438603440775,5.0,109.0,26.0,95.19197814385028,84.07235877414605,77.314,38.48028312887001,109.015,2.833009300760861,15.632592078441911,24.154272267231566,100.0,100.0,401.3819353890615
TUN,2026Q2,ADM2,mobile,سيدي علي بن عون,26191.273351581975,147.13604736328125,0.561775082059514,0.08204131161837294,2.0,30.0,2.0,47.75434781054243,47.754347810542434,47.9105,36.681,59.14,1.6122788364548406,15.718371587317588,22.5486693675677,100.0,100.0,42.609517331850796
TUN,2026Q2,ADM2,mobile,سيدي عيش,114188.07902685928,9771.19921875,8.557109728110603,0.057015369315160234,1.0,15.0,2.0,16.786,16.786,16.786,16.786,16.786,1.0,7.691,31.0,100.0,0.0,257.8073475284307
TUN,2026Q2,ADM2,mobile,سيدي مخلوف,34871.91056375924,61.5556640625,0.17651933337564807,0.03949461873071258,1.0,20.0,1.0,35.503,35.503,35.503,35.503,35.503,1.0,7.696,29.0,100.0,100.0,52.926131634560164
TUN,2026Q2,ADM2,mobile,صفاقس الجنوبية,48422.70511704683,16439.291778564453,33.949552671267696,3.3435283147429877,26.0,382.0,170.0,93.827469561733,93.90790028764881,95.0195,37.28494195736178,165.05795467946186,4.426933394940467,20.52164123416304,22.0,100.0,99.89489011468405,246.82060211172433
TUN,2026Q2,ADM2,mobile,صفاقس الغربية,122774.71899414062,97792.7529296875,79.65219039463216,51.451854259669005,33.0,679.0,307.0,73.08297259540805,79.8996137538435,76.991,43.36310228947401,134.66427439436004,3.10550369517839,19.880437274897616,22.0,100.0,100.0,7580.415323269086
TUN,2026Q2,ADM2,mobile,صفاقس المدينة,104689.60815244913,84803.66693115234,81.00485657340616,36.77093249300336,42.0,920.0,568.0,84.11399266693253,87.24921103376306,84.391,42.817031225412194,150.1873910225949,3.507655405437304,18.848460367920516,21.0,100.0,93.72333694236826,3630.7402563168757
TUN,2026Q2,ADM2,mobile,صيادة - لمطة - بوحجر,37515.818099975586,19920.12451171875,53.09793447295692,9.666870567657705,5.0,72.0,27.0,32.08957609064285,49.78043903712148,26.271,6.75,117.745,17.443703703703704,17.562614580796474,20.383855648967653,71.73973853665913,71.73973853665913,2939.2515633642033
TUN,2026Q2,ADM2,mobile,طبربة,48838.36014918972,14211.811767578125,29.09969074343278,0.2506042407747122,3.0,48.0,19.0,144.77398659092188,145.7043242911578,119.14,78.17491068969493,195.261,2.4977450984889895,29.96818769448695,17.059138566971452,100.0,100.0,170.30608126734703
TUN,2026Q2,ADM2,mobile,طبرقة‎,55975.36119354147,14316.127456665039,25.57576610745811,0.8299350458822603,13.0,200.0,84.0,56.35159738545358,85.66229933880798,51.197,20.410567581427824,172.591,8.455962790424586,17.221872359263216,24.0,100.0,82.64128574664466,149.61313630001487
TUN,2026Q2,ADM2,mobile,طبلبة,37713.68193435669,3686.29541015625,9.774424614845366,2.100795715793639,2.0,58.0,25.0,85.4735,85.47350000000002,85.4735,23.184,147.763,6.373490338164251,19.376,22.0,100.0,50.0,1604.1809944408164
TUN,2026Q2,ADM2,mobile,طينة,56246.152787119354,10098.775024414062,17.95460582457247,1.235505594281392,5.0,62.0,20.0,171.6832499170144,152.05554862611027,165.79,34.16699342920718,260.124,7.613312553794581,19.194177473839947,17.0,100.0,100.0,549.5835739326878
TUN,2026Q2,ADM2,mobile,عين دراهم,35368.777107156646,10264.643043518066,29.021764061616597,0.784132716024781,16.0,387.0,103.0,62.594199348798725,73.44801062164079,58.94,34.289769677358755,157.01404604162883,4.5790347243219855,20.942043956729858,23.0,100.0,100.0,72.27799427728208
TUN,2026Q2,ADM2,mobile,غار الدماء,65562.14040389773,11257.424438476562,17.17061762951122,0.14308387167896378,3.0,214.0,17.0,115.54487535557304,117.83514534739395,142.711,80.714,187.6907708067773,2.3253806131126855,37.55677126423085,23.12363099361495,100.0,100.0,129.24113935541197
TUN,2026Q2,ADM2,mobile,غار الملح,20788.772518634796,4812.698791503906,23.150471184336944,1.2728060613269252,5.0,88.0,25.0,140.73121012273745,129.35691371128047,131.846,45.46,220.80602931594828,4.857149786976425,20.089433256723368,22.94879148466057,100.0,100.0,222.82709148341573
TUN,2026Q2,ADM2,mobile,غزالة,27032.797446984827,1142.4281005859375,4.226081680323325,0.11698714328893133,2.0,27.0,6.0,52.596999999999994,52.597,52.596999999999994,36.15,69.044,1.9099308437067772,28.875500000000002,25.5,100.0,100.0,66.43873583635546
TUN,2026Q2,ADM2,mobile,غمراسن,9956.572732892833,2180.5029907226562,21.900136213730264,0.15239365296534704,4.0,54.0,19.0,59.00585154708576,54.64191413706901,52.540000000000006,38.90140494994562,60.956,1.566935694955799,21.962383439212793,28.0,100.0,100.0,14.442501186688956
TUN,2026Q2,ADM2,mobile,غنوش,10238.05735206604,2203.577880859375,21.52339848354818,1.274652676221705,1.0,11.0,7.0,163.448,163.448,163.448,163.448,163.448,1.0,33.497,21.0,100.0,100.0,507.0743396863784
TUN,2026Q2,ADM2,mobile,فرنانة,47644.984255122756,4191.1632080078125,8.796651470311236,0.4309762888066365,7.0,134.0,26.0,44.31266261908738,86.05112005234737,33.265,8.015191329502294,166.266,20.74385915006278,16.988541307155373,29.556693903374946,83.43564212090699,79.04164643284156,121.94434196693896
TUN,2026Q2,ADM2,mobile,فريانة,44890.33978881064,7026.29296875,15.652126942691071,0.04993703055349122,2.0,30.0,9.0,79.48943453322093,79.48943453322093,74.04050000000001,29.833,118.248,3.9636643984849,26.762821559199235,35.63022555901911,100.0,100.0,44.61328572303415
TUN,2026Q2,ADM2,mobile,فوسانة,25523.29140734815,2376.9140625,9.312725481070544,0.027189765912003908,1.0,11.0,3.0,83.275,83.275,83.275,83.275,83.275,1.0,23.659,24.0,100.0,100.0,27.8981560453918
TUN,2026Q2,ADM2,mobile,فوشانة,89565.45497894287,55042.846435546875,61.455442222101844,13.63403064359599,22.0,480.0,185.0,52.33517128336916,66.85762822513274,49.075,27.752222949950877,117.79522552890478,4.244532978181241,20.690418112951516,18.126494139014266,100.0,91.03264328391936,2309.4244982293976
TUN,2026Q2,ADM2,mobile,قابس الجنوبية,33877.43893579402,11868.213287353516,35.03279368268264,0.8787728981486167,10.0,151.0,71.0,59.839622305779606,60.131670550932384,58.792500000000004,30.217962097280235,84.23229893015522,2.7874910511498903,20.222993845287835,26.766595698937817,100.0,92.28627407389102,115.4638106804411
TUN,2026Q2,ADM2,mobile,قابس الغربية,34063.63491164385,3451.4562377929688,10.132377964787223,0.33392899669165266,2.0,52.0,10.0,46.52453561445198,46.52453561445197,36.226,17.937,54.515,3.0392484807938898,9.460114751474478,49.75719981264277,100.0,78.15499921934487,220.66168923597988
TUN,2026Q2,ADM2,mobile,قابس المدينة,83375.16030883789,37581.064453125,45.07465330671317,9.204050669485596,6.0,100.0,60.0,68.0474126676337,73.05076978805711,71.1365,40.211,125.26145072487816,3.115104094025967,23.963594050636686,29.53388783786173,100.0,100.0,4962.9299036691855
TUN,2026Q2,ADM2,mobile,قبلاط,16581.26305459314,1578.4306640625,9.519363264822353,0.0583372954811223,1.0,12.0,2.0,31.026,31.025999999999996,31.026,31.026,31.026,1.0,28.941,30.0,100.0,100.0,40.072751062119565
TUN,2026Q2,ADM2,mobile,قبلي الجنوبية,24319.804988489766,9.161118507385254,0.037669374864317734,0.022705531495043625,1.0,11.0,2.0,38.938,38.938,38.938,38.938,38.938,1.0,10.829,27.0,100.0,100.0,21.249351894051163
TUN,2026Q2,ADM2,mobile,قبلي الشمالية,50538.62721689618,6069.801933288574,12.010223204597265,0.07082830682229545,5.0,89.0,30.0,103.26392319516128,114.25587604200804,60.773,60.576894186370225,188.121,3.1054910048908906,27.777676963091857,28.3798143798227,100.0,100.0,27.672066025892182
TUN,2026Q2,ADM2,mobile,قربة,78103.71889597178,19181.83229827881,24.559435286081005,1.1677184835375292,10.0,194.0,72.0,87.8705762713818,84.46339459376179,83.46449999999999,30.795827999575646,133.53945954377215,4.3362841078867005,17.73167173765047,25.0,100.0,91.00279138647095,378.2692972630323
TUN,2026Q2,ADM2,mobile,قرمبالية,81175.68037480714,24877.08480834961,30.645982507921435,0.7959939017066353,10.0,154.0,55.0,103.42518086105102,98.39624106737972,66.4955,37.427394230085014,155.8263641644754,4.163430753595411,20.913163253183207,22.403555889613862,98.81661670514411,90.96688422250945,268.1391481372591
TUN,2026Q2,ADM2,mobile,قصر هلال,29294.907300949097,15535.455200195312,53.03124888090018,18.023970505526595,16.0,272.0,136.0,78.53579495963439,85.16225029543214,75.29650000000001,9.757839273968878,168.2268196958322,17.240171207227526,13.689446708573733,23.0,87.23899165795189,84.6673560972913,1336.5552503969573
TUN,2026Q2,ADM2,mobile,قصور الساف,54657.85226243736,12534.44164276123,22.932554288041985,1.346977160477889,12.0,240.0,72.0,86.74432989994901,84.25782896924204,77.6815,58.82024459654445,104.335,1.7737940519568909,20.104327143495993,21.992754536848405,100.0,99.01449621230556,247.01073787555157
TUN,2026Q2,ADM2,mobile,قصيبة المديوني,83702.46408820152,38703.168212890625,46.2389830866952,5.372917623459622,8.0,191.0,59.0,19.85611055128048,51.41953443362942,30.184,16.028392531713788,130.8024768312838,8.16067341578252,13.763417956021108,28.0,100.0,45.50388856108526,2277.886580372742
TUN,2026Q2,ADM2,mobile,قعفور,17875.81532392253,120.16543579101562,0.6722235244296956,0.05260202379398273,1.0,20.0,1.0,29.061,29.061,29.061,29.061,29.061,1.0,16.464,23.0,100.0,100.0,38.67150923637203
TUN,2026Q2,ADM2,mobile,قفصة الجنوبية,28676.374809635094,19004.45751953125,66.27217577427487,0.8136552335549245,24.0,532.0,215.0,58.337633793329324,73.76073626515723,61.669,27.461775087364284,146.00124057497467,5.316525975123611,20.588961199030624,25.0,96.78971067891825,92.25715869086639,38.21344011318876
TUN,2026Q2,ADM2,mobile,قلعة الأندلس,30009.753984935644,8636.72250366211,28.779717781084074,0.7562950482648803,6.0,122.0,61.0,49.37271380159995,46.200988520272965,55.3865,18.369690937275195,71.09249343859986,3.870097416518926,19.64427881935712,21.172511407368493,100.0,52.62558947822144,158.44522723147574
TUN,2026Q2,ADM2,mobile,قليبية,64147.84935584701,32920.07580566406,51.319063906642775,1.9043257419024884,10.0,209.0,88.0,59.6073993614961,60.013902896686616,52.939499999999995,14.704638839404407,107.73318616043295,7.326476177826109,13.811259101167284,23.049664317509457,100.0,85.21048297827411,510.14858308185677
TUN,2026Q2,ADM2,mobile,كندار,12238.993430585579,0.0,0.0,0.1539519202512571,1.0,11.0,1.0,19.32,19.32,19.32,19.32,19.32,1.0,1.857,60.0,100.0,0.0,76.84640544431782
TUN,2026Q2,ADM2,mobile,مارث,62749.679427745265,151.0093994140625,0.2406536587775658,0.02591439797771917,1.0,39.0,1.0,14.123,14.123,14.123,14.123,14.123,1.0,13.929,26.0,100.0,0.0,62.721979593658666
TUN,2026Q2,ADM2,mobile,ماطر,48325.566232494086,18243.952026367188,37.75217436376351,0.29465391617530756,7.0,105.0,51.0,55.60429817697185,83.20133460894156,57.079,28.663537987291406,191.03523108329807,6.664747079303247,18.531565294363688,25.855929730495493,100.0,89.59916651531063,85.38249815919082
TUN,2026Q2,ADM2,mobile,مجاز الباب,46328.03697306722,14477.053604125977,31.249011505801995,0.5203098640020525,10.0,581.0,49.0,48.86411035153922,60.14718329248291,38.540499999999994,7.221968275606711,148.9244534907318,20.621034018350183,21.990162968010196,24.29027291436709,87.18334777776442,76.02676165481526,100.16059701284064
TUN,2026Q2,ADM2,mobile,مدنين االجنوبية,90918.35056567412,12805.289682388306,14.084384068470875,0.2131843586838108,6.0,116.0,40.0,106.98050533853416,107.00741389602788,29.3765,26.271609201179576,155.677,5.925674320437524,22.61019107522203,30.61855338636129,99.78440262950585,99.78440262950585,123.83464417192813
TUN,2026Q2,ADM2,mobile,مدنين الشمالية,27002.026646301216,7945.2607421875,29.42468299236293,0.46836266486838196,6.0,107.0,38.0,24.72083836798591,26.009390273662955,22.408,13.06193636808416,44.24968114215242,3.3876815730225975,14.714484792462713,25.888208972721316,100.0,57.84719261348993,80.7749207165935
TUN,2026Q2,ADM2,mobile,مرناق,69481.48681336126,15048.011024475098,21.65758350119441,0.9011322591195535,15.0,233.0,83.0,74.13581777862412,82.49746076575879,69.299,42.72132358082907,140.47770827791152,3.288233989570258,13.333396031704394,21.0,100.0,98.68071703748565,173.53525602912532
TUN,2026Q2,ADM2,mobile,مساكن,107917.90605598704,43728.58423233032,40.52023045151029,1.926589326274237,26.0,540.0,206.0,86.45987744725561,101.63426421568869,65.303,30.74267912894935,176.66191395548142,5.746470996053327,19.70573430772008,21.0,100.0,94.9788190407695,324.5667128456529
TUN,2026Q2,ADM2,mobile,مقرين,24697.796759605408,16232.34912109375,65.7238752067255,29.229625428246834,13.0,208.0,101.0,56.61406449215109,67.74275027558511,57.639,16.90370477259425,133.45075037583655,7.894763436249695,19.942385409043865,18.0,100.0,80.84001414718593,2314.5057136111686
TUN,2026Q2,ADM2,mobile,منزل بورقيبة,65397.00153267494,26537.381896972656,40.578897006024846,1.6726606581740155,9.0,179.0,62.0,49.418766014360486,51.58922396442141,31.948,21.414801412160777,85.70802564180923,4.002279731304835,23.03582308557741,20.0,100.0,72.30103701118198,511.6616941873895
TUN,2026Q2,ADM2,mobile,منزل بوزلفة,43831.670268595626,15962.361083984375,36.417414591250555,1.0785877174861425,6.0,98.0,43.0,119.20435986280211,115.42769770644868,99.3235,50.524089113723406,177.422,3.5116318396289197,28.043888061376865,19.519401337841824,100.0,99.63972273743337,327.66094981864387
TUN,2026Q2,ADM2,mobile,منزل بوزيان,24521.063653806334,2437.0030364990234,9.938406713938507,0.13692865291615847,3.0,37.0,7.0,24.48577507532677,33.11140233569756,25.299,19.313,104.37582357855416,5.404433468573198,24.051616818019884,44.826328300238615,100.0,77.69270503875205,44.187566169948205
TUN,2026Q2,ADM2,mobile,منزل تميم,73136.403723572,17437.345901489258,23.84222495734934,0.6377750646719774,7.0,186.0,54.0,44.868234213049234,54.762646619965984,45.697,15.455,116.31894232095306,7.526298435519447,14.587526678219035,29.113299833795992,100.0,68.94471122507724,277.8532968428733
TUN,2026Q2,ADM2,mobile,منزل جميل,52071.15077859214,9561.5732421875,18.362515710174243,1.1907119071413084,4.0,100.0,5.0,79.3157732232286,62.945039778288354,71.5385,4.922,93.542,19.00487606663958,29.099498498787913,15.877506791246812,73.66572291370967,73.66572291370967,653.9987064416758
TUN,2026Q2,ADM2,mobile,منوبة‬,71877.39859008789,60544.224365234375,84.23263160999208,43.847451576995354,22.0,476.0,248.0,71.07969820037937,75.22502137082985,74.36099999999999,36.18684427541108,114.91135522447851,3.1755008629630805,17.01624279633663,20.0,100.0,100.0,5976.497640139117
TUN,2026Q2,ADM2,mobile,منيهلة,121817.57667922974,59178.828125,48.579876351365776,16.595692097876096,16.0,350.0,146.0,79.48722722121163,78.86803212382347,79.7795,33.509978296011276,121.89512021242449,3.637576817736518,21.05439796026958,17.516941559779863,100.0,92.50794079446598,5277.69410092245
TUN,2026Q2,ADM2,mobile,نابل,90311.8038517237,60731.26599121094,67.24621079534757,8.1737828440216,25.0,488.0,249.0,72.38078913415504,84.52819435165215,94.996,31.394021571733443,144.99256286146465,4.61847688198103,18.77629327365266,21.0,100.0,95.92168431908027,1220.467667472318
TUN,2026Q2,ADM2,mobile,نبر,26490.056370598162,2860.7999267578125,10.799523741040698,0.06754170224802214,2.0,60.0,10.0,46.990736490434905,46.990736490434905,46.1555,42.064,50.247,1.194536896158235,21.585877447214763,27.19379085038437,100.0,100.0,36.835373924956514
TUN,2026Q2,ADM2,mobile,نصر الله,77629.15647185422,6713.158401489258,8.647728130246048,0.10874530271328761,3.0,37.0,8.0,20.05941571455614,25.772017694415734,30.593,17.03,61.03752555897084,3.5841177662343418,13.37487480639532,26.436488239925314,100.0,18.795441743328226,113.31066542804375
TUN,2026Q2,ADM2,mobile,نفزة,47363.222261908755,1370.7226257324219,2.894065395619857,0.11941595610257655,3.0,68.0,13.0,53.32159535002698,92.73461621854598,59.632,16.381,247.291,15.096209022648189,27.475030605632146,21.0,100.0,63.07505243306264,78.99526258028374
TUN,2026Q2,ADM2,mobile,نفطة,34390.81192074167,19360.331787109375,56.29507041510944,0.07852196165221785,5.0,71.0,30.0,64.85892192103384,139.75340175109133,71.255,43.036,318.95563023123344,7.411367929901325,25.85182439827291,27.1356995069214,100.0,100.0,20.95216770879468
TUN,2026Q2,ADM2,mobile,هرقلة,10167.170485377408,2766.5761108398438,27.210875580563727,0.5797620151530739,2.0,35.0,10.0,92.78617860661134,92.78617860661133,73.08099999999999,37.428,108.734,2.9051512236828043,21.022184281875344,21.789226308404753,100.0,100.0,120.49370268790118
TUN,2026Q2,ADM2,mobile,واد مليز,18045.4808786518,1417.3646240234375,7.854402071934868,0.12100406081244555,1.0,20.0,6.0,145.059,145.059,145.059,145.059,145.059,1.0,40.419,23.0,100.0,100.0,90.29445175253011
TUN,2026Q2,ADM2,mobile,وادي اللیل‬,79747.44778442383,31877.587677001953,39.97317602335638,4.1914423677926855,10.0,242.0,59.0,93.47851745986469,98.45849231533754,68.036,41.91668711239581,156.752,3.7396085139000528,24.085120489693555,23.320772507850325,100.0,99.4785430222709,1395.3843841985147
TUN,2026Q2,ADM2,mobile,‫الصخیرة‬,17169.30031101052,44.657981872558594,0.26010367961191655,0.05613793420570799,2.0,30.0,2.0,28.417456162099327,28.417456162099327,24.4625,6.976,41.949,6.013331422018348,15.29138633742787,27.13085985248601,61.30859852486012,61.30859852486012,18.865247015921113
TUN,2026Q2,ADM2,mobile,‫المحرس‬,107491.06098463385,19389.024490356445,18.037801760211632,0.23480069852479385,4.0,57.0,17.0,98.09612861533192,148.7141259315628,61.0165,20.010617579113237,347.111,17.346341192503168,32.67714996180533,22.0,100.0,71.03182492000819,248.59581713858006
TUN,2026Q2,ADM2,mobile,‫عقارب‬,33020.99127697126,1911.5075988769531,5.7887650399218415,0.06874349276955292,2.0,31.0,8.0,185.42111859990538,185.42111859990538,141.00650000000002,71.47471859990539,212.223,2.9692037150640975,36.24509838072922,33.40859260146687,100.0,100.0,44.944265504834746
